Index,Torque,Tool Wear,SHAP Torque
0,62.7,153,0.5782802
1,40.1,135,-0.51157695
2,37.6,209,-0.8228921
3,35.8,60,0.07246797
4,60.4,102,0.08999855
5,44.1,188,-0.35708085
6,46.6,102,0.09358392
7,46.0,42,0.080742195
8,36.3,93,-0.6966249
9,15.0,19,0.3849453
10,38.6,124,-0.2797095
11,53.0,85,-0.38593903
12,34.9,73,-0.37672824
13,46.7,103,-0.36828715
14,37.2,197,-0.3961173
15,45.9,64,-0.30940267
16,36.7,117,-0.8591361
17,51.8,90,-0.3871914
18,26.4,146,-0.4889539
19,43.2,132,-0.14560719
20,43.1,101,-0.45180133
21,8.8,142,1.5775851
22,54.2,141,-0.75119543
23,39.7,141,-0.62308824
24,18.0,61,-0.41289565
25,41.7,115,-0.6236282
26,48.0,99,-0.19583873
27,40.7,20,-0.38398665
28,24.2,125,-0.4172452
29,38.5,180,-0.76859266
30,28.2,120,-0.6563453
31,48.9,83,0.15989308
32,36.8,82,-0.58585745
33,37.5,193,-0.6651724
34,47.9,143,-0.099282764
35,29.8,202,0.34191865
36,30.6,50,-0.9633024
37,29.2,95,-0.10420579
38,46.3,135,0.46919838
39,36.7,74,-0.96574134
40,57.2,67,0.26032296
41,61.6,46,1.2671002
42,24.7,101,-0.82929987
43,72.0,151,1.1281416
44,30.3,49,-1.0128113
45,25.4,2,-0.29532358
46,53.8,137,-0.40552634
47,36.0,126,-0.45535094
48,36.2,12,-0.48745927
49,52.8,0,-0.31148288
50,44.2,147,-0.14513056
51,57.6,186,0.40923065
52,50.4,101,-0.40663207
53,31.9,108,-0.6377467
54,32.6,69,-0.8521539
55,39.0,128,-0.6404811
56,24.9,70,-0.15913737
57,40.0,123,-0.3852429
58,25.0,116,-0.5472995
59,25.9,3,-0.48707816
60,40.3,11,-0.5044431
61,30.9,79,-0.55491114
62,37.7,170,-0.38707218
63,40.3,140,-0.30829722
64,54.8,231,1.3319753
65,53.7,200,0.28169975
66,26.7,53,-0.41524702
67,29.5,62,-0.15459958
68,37.0,33,-0.3460414
69,40.7,158,-0.33044833
70,45.8,113,0.111535415
71,30.0,161,-0.4762119
72,32.7,31,-1.0249697
73,52.7,31,-0.58213025
74,33.2,52,-0.774013
75,31.0,48,-1.1215111
76,32.5,134,-0.7031119
77,30.6,139,-0.44008514
78,49.0,194,-0.30331647
79,23.3,161,-1.3202224
80,20.5,220,-0.47474694
81,49.2,105,0.24596526
82,31.1,152,-0.98535377
83,38.1,160,-0.6483455
84,54.4,44,-0.44094583
85,49.9,4,-0.23816831
86,42.2,134,-0.3408302
87,35.3,65,-0.55487543
88,49.2,212,-0.03725129
89,49.3,116,0.13261501
90,21.9,221,-0.4216426
91,29.7,83,-0.07938347
92,37.0,135,-1.0031209
93,24.3,153,-0.8100738
94,40.0,35,-0.34656933
95,41.0,184,-0.1487184
96,47.8,54,0.1704693
97,59.1,91,1.0642736
98,53.2,67,-0.31822938
99,44.0,187,-0.64051205
100,38.9,106,-0.6247262
101,43.2,225,-1.0987226
102,39.1,70,-0.45666754
103,50.6,8,-0.45827797
104,38.4,67,-0.8400338
105,36.6,91,-0.92142344
106,24.0,17,-0.70366275
107,45.9,64,0.21664591
108,40.6,59,-0.20335643
109,45.2,45,0.152806
110,34.6,8,-1.0925517
111,42.8,125,-0.39032638
112,43.2,132,-0.42277554
113,44.6,88,0.067620374
114,42.7,212,-0.6305825
115,21.8,141,-0.37824935
116,43.9,152,-0.31489763
117,41.8,111,-0.53849614
118,38.5,33,-0.44029745
119,49.5,91,-0.21023294
120,34.4,148,-0.98480064
121,25.6,200,-0.68266267
122,50.5,30,-0.32513455
123,35.9,13,-0.2064735
124,32.5,146,-1.1379021
125,36.2,181,-0.47465134
126,37.9,58,-0.60334927
127,44.0,67,-0.27572072
128,39.0,72,-0.21190149
129,45.6,129,0.10004739
130,44.1,26,-0.3183755
131,50.8,204,-0.5154248
132,28.1,170,-0.47689435
133,33.1,168,-0.31830367
134,37.4,0,-0.5602064
135,42.0,150,-0.35454533
136,36.2,108,-0.63506305
137,42.9,212,-0.44764963
138,33.7,137,-1.1114831
139,43.8,15,-0.23533358
140,30.3,42,-0.32767358
141,37.8,146,-0.5914161
142,31.6,175,-0.95601565
143,38.0,179,-0.4633278
144,41.9,221,-0.50754166
145,42.4,224,-1.0924909
146,46.6,104,-0.16656165
147,20.3,26,-0.43176314
148,29.9,201,-0.063272044
149,29.4,148,-0.14801608
150,27.5,54,-0.21553305
151,43.2,119,-0.11881117
152,40.4,59,-0.19653039
153,31.1,187,-0.6402727
154,64.6,45,0.61687803
155,43.9,20,-0.11869549
156,38.1,109,-0.29443246
157,36.1,76,-0.1776167
158,46.5,28,0.12586543
159,68.2,76,1.1126717
160,40.4,126,-0.424143
161,34.5,115,-0.55927205
162,23.0,135,-0.7229959
163,46.7,74,-0.54081607
164,26.9,121,-0.62689155
165,46.9,60,-0.061692223
166,32.2,65,-1.1160636
167,46.6,13,-0.10776679
168,44.3,29,0.23316398
169,33.3,182,-0.58990645
170,42.5,146,-0.6129687
171,52.5,144,-0.34014046
172,41.4,84,-0.314696
173,49.1,219,-0.008115149
174,31.0,108,-0.8579819
175,44.7,14,0.07514886
176,40.3,197,-0.3641259
177,30.8,73,-1.0068852
178,51.4,164,-0.18610166
179,32.8,31,-0.67711544
180,22.2,53,-0.7158577
181,29.2,132,0.13555379
182,49.4,128,0.083814114
183,40.6,20,-0.43078586
184,30.2,80,-1.007204
185,47.9,174,0.3710099
186,34.4,68,-0.7537796
187,46.2,139,0.20300014
188,49.5,79,-0.028693944
189,49.1,206,-0.43629047
190,38.1,106,-0.7348197
191,44.5,49,-0.13918698
192,52.8,200,-0.3412901
193,36.9,145,-0.5499597
194,35.0,201,-0.14368461
195,39.8,107,-0.3249844
196,32.6,152,-0.5591735
197,36.0,204,-0.38953727
198,44.8,18,0.15034647
199,34.3,9,-1.2342464
200,59.4,60,-0.057709903
201,54.5,75,-0.2522383
202,26.8,158,-0.6012828
203,29.1,14,-0.22749496
204,54.7,179,-0.52965915
205,42.5,179,-0.57784265
206,28.9,174,-0.35714406
207,39.0,14,-0.69964534
208,30.0,120,-0.84146625
209,36.5,195,-0.48967487
210,35.7,174,-0.508348
211,40.4,124,-0.50462466
212,40.9,96,-0.35307795
213,43.9,84,-0.39332154
214,48.1,37,0.14701891
215,35.1,17,-0.4523606
216,45.5,54,0.17031264
217,31.5,199,-0.40818572
218,41.4,102,-0.29756424
219,31.9,37,-1.2362627
220,30.7,161,-0.52978486
221,45.2,122,0.19686809
222,55.6,215,0.2707222
223,27.6,54,-0.59176385
224,37.9,42,-0.20352736
225,40.0,181,-0.46721467
226,23.5,125,-0.728435
227,36.4,150,-0.6318509
228,30.8,195,-1.4076321
229,35.4,5,-0.62060344
230,48.6,75,0.10635031
231,46.3,187,-0.10261905
232,41.6,25,-0.48899293
233,42.2,134,-0.52877206
234,41.7,119,-0.47962257
235,21.1,112,-0.7336658
236,41.3,8,-0.22840525
237,41.8,109,-0.31887743
238,33.4,229,-1.352562
239,51.7,18,-0.6075244
240,35.7,177,-0.06633362
241,42.9,14,-0.39978573
242,38.8,109,-0.6276428
243,30.9,106,-0.8237041
244,42.0,164,-0.40420485
245,26.8,47,-0.30242148
246,61.9,79,0.4085942
247,46.4,174,-0.14814341
248,46.5,202,-0.20111439
249,29.9,42,-0.50937265
250,55.4,188,-0.17891313
251,34.2,153,-0.5602179
252,57.0,140,-0.13375461
253,43.8,124,-0.36032128
254,32.8,215,-1.2177279
255,33.8,9,-0.96181
256,56.6,126,-0.20289272
257,26.1,66,-0.4309661
258,46.6,35,0.253015
259,29.5,176,0.14462097
260,45.7,153,-0.2302138
261,24.6,124,-0.74887943
262,29.8,44,-0.4580432
263,50.2,160,-0.22830392
264,30.8,98,-1.0905463
265,35.9,71,-0.23539063
266,46.5,26,0.018257795
267,39.9,181,-0.21780877
268,33.7,149,-0.4697989
269,41.5,86,-0.38557106
270,29.6,81,-0.7293802
271,55.3,166,-0.21587886
272,36.1,126,-0.2451829
273,32.9,155,-1.0506407
274,31.3,0,-1.0017852
275,17.6,175,0.08902731
276,35.7,198,-0.06057837
277,26.8,198,-0.4452907
278,36.3,193,-0.26813325
279,20.3,178,-0.648554
280,41.3,196,-0.23376718
281,47.3,15,-0.27186623
282,53.0,156,-0.2045368
283,31.5,123,-0.72977734
284,40.5,215,-0.2035841
285,38.6,161,-0.5226431
286,32.4,113,-1.2101903
287,51.4,160,-0.42689237
288,47.9,29,0.193187
289,46.5,35,0.31665993
290,29.8,41,-0.5010516
291,45.3,56,0.59267956
292,33.5,141,-0.77198595
293,29.1,176,-0.32837752
294,44.4,141,-0.33837718
295,46.3,173,-0.02547883
296,27.7,44,-0.8376457
297,34.7,130,-0.81172633
298,34.4,124,-0.84486264
299,33.3,123,-1.0304095
300,42.3,107,-0.37367123
301,48.7,220,0.058746904
302,46.0,203,-0.3944877
303,42.7,204,-0.4214027
304,36.1,58,-0.16087972
305,31.2,131,-0.6779145
306,47.6,85,-0.14887354
307,53.5,65,-0.3550983
308,40.2,137,-0.32791072
309,26.2,189,-0.10921832
310,32.0,79,-1.0785911
311,45.0,104,0.13853401
312,34.4,127,-0.7484647
313,43.1,181,-0.40899268
314,34.8,32,-0.08313177
315,52.1,166,-0.23504262
316,48.9,33,-0.18451099
317,41.5,11,-0.47840658
318,36.6,157,-0.3294554
319,51.1,161,-0.47948352
320,34.8,62,-0.071622275
321,39.7,162,-0.26188442
322,41.1,30,-0.18082023
323,39.6,56,-0.4745004
324,24.6,132,-0.4048329
325,43.8,218,-0.75145113
326,30.0,37,-0.68455285
327,28.2,207,-0.37116712
328,46.4,200,0.19195245
329,42.6,96,-0.31579146
330,42.4,158,-0.7071581
331,32.3,200,-1.1861749
332,21.5,20,-0.9827047
333,31.1,49,-1.0599619
334,54.8,3,-0.375234
335,55.9,71,-0.24202248
336,41.6,123,-0.6483085
337,49.9,206,-0.09892101
338,35.5,88,-0.37202516
339,53.5,97,-0.267913
340,36.6,7,-0.14748418
341,32.4,173,-0.96718913
342,59.1,88,0.102176465
343,23.0,6,-0.401213
344,20.2,41,-0.69801503
345,39.9,207,-0.16130103
346,47.6,246,0.58302885
347,48.4,34,0.22730462
348,47.8,40,-0.07535436
349,36.8,134,-0.4450967
350,22.0,13,-0.795094
351,35.0,32,-0.35101396
352,21.9,200,-0.7389764
353,52.7,74,-0.73148304
354,45.7,184,0.03065537
355,23.6,120,-0.80985606
356,28.4,134,-0.17913136
357,54.9,81,-0.28627807
358,49.0,66,0.14484774
359,47.6,10,0.18791178
360,40.0,188,-0.28376302
361,42.9,12,-0.16485225
362,18.9,40,-0.48561263
363,43.0,96,-0.16726252
364,33.2,3,-1.1096469
365,37.3,100,-0.4847053
366,50.6,83,0.002704545
367,39.8,120,-0.5644402
368,26.3,187,-0.112987086
369,37.2,203,-0.9725578
370,26.3,5,-0.406325
371,48.7,119,0.21498084
372,30.8,196,-1.1620072
373,29.0,125,-0.3067991
374,51.6,137,-0.24695477
375,33.4,82,-1.2007908
376,35.2,86,-0.0909971
377,34.8,211,0.016008474
378,42.6,23,-0.27310804
379,25.2,49,-0.14149566
380,36.6,80,-0.40738457
381,28.3,48,-0.011685522
382,61.8,10,1.3236663
383,47.6,76,-0.5207625
384,41.9,48,-0.5037841
385,49.2,85,0.05506406
386,52.5,146,-0.34402
387,39.8,50,-0.5892216
388,70.0,139,0.9042487
389,39.0,109,-0.41106153
390,34.6,207,-0.06509558
391,32.4,60,-0.7740315
392,43.6,148,-0.36207163
393,42.3,215,-0.43955925
394,50.5,164,-0.3788106
395,45.7,143,0.4094129
396,39.9,91,-0.40747955
397,24.6,157,-0.86050165
398,32.4,5,-0.16308379
399,34.8,86,0.027898593
400,46.7,134,-0.19128951
401,30.0,3,-0.6423634
402,44.0,25,0.37431347
403,34.9,185,0.15221672
404,44.5,49,0.2296767
405,31.2,73,-0.8143966
406,34.4,162,-0.9595087
407,43.3,134,-0.48589322
408,44.3,68,-0.035308845
409,47.0,90,-0.114215694
410,34.8,32,-0.25471577
411,36.0,23,-0.18103656
412,35.8,153,0.08531164
413,39.7,141,-1.0450335
414,51.2,185,-0.270634
415,39.4,197,-0.78098816
416,41.5,108,-0.5069526
417,40.0,4,-0.35017413
418,44.7,46,0.25873917
419,35.6,173,-0.035703424
420,51.3,144,-0.5068159
421,52.1,116,-0.3231763
422,40.6,176,-0.3629383
423,50.2,32,-0.58065426
424,42.4,24,-0.2339327
425,39.6,107,-0.6531322
426,44.1,56,-0.24218023
427,19.0,203,-0.6303202
428,27.5,73,-0.54447913
429,39.1,138,-0.44960266
430,47.2,159,-0.22610469
431,24.6,128,-0.9193273
432,31.9,131,-1.1317471
433,42.6,208,-0.4663863
434,54.2,26,-0.1357897
435,36.6,143,-0.76974386
436,30.0,165,-0.42937782
437,43.2,220,-0.6180683
438,39.7,10,-0.270491
439,43.0,66,-0.32155514
440,42.4,158,-0.19475296
441,43.4,0,-0.08565613
442,30.4,170,-0.3548975
443,56.4,188,0.0878868
444,40.8,50,-0.4380806
445,32.3,49,-0.4869882
446,44.2,126,-0.4674336
447,23.0,198,-0.5807268
448,59.0,138,-0.0034602468
449,39.7,124,-0.4778803
450,36.8,85,-0.9726151
451,42.5,130,-0.24845916
452,48.0,36,0.15324692
453,38.2,157,-0.29189184
454,35.0,8,-0.730826
455,42.7,121,-0.597165
456,30.4,117,-0.88805944
457,31.1,149,-0.20707244
458,45.8,38,0.007920496
459,39.9,136,-0.43163943
460,60.5,13,0.09637224
461,32.4,0,-0.8500054
462,29.9,193,0.2151514
463,33.1,39,-0.51488435
464,43.2,189,-0.55822223
465,58.1,168,0.22623463
466,25.8,91,-0.5623789
467,44.9,85,-0.25265253
468,53.7,68,-0.47007364
469,45.3,183,-0.09306443
470,21.3,78,-0.85117143
471,28.0,116,-0.30502197
472,30.8,17,-0.9028422
473,38.5,85,-0.8159732
474,40.9,153,-0.32461733
475,27.6,210,-0.4801767
476,34.5,92,-0.63530684
477,48.3,110,0.20722117
478,27.1,16,0.1965748
479,46.5,60,0.2616683
480,39.2,43,-0.30591634
481,39.9,107,-0.5515461
482,51.2,52,-0.49197525
483,14.9,49,0.50666296
484,30.4,92,-0.92646545
485,39.2,24,-0.18507236
486,46.2,92,-0.23516656
487,36.1,123,-0.32306513
488,49.1,16,-0.12536645
489,26.1,22,-0.3438959
490,38.0,99,-1.0002451
491,32.4,194,-1.06949
492,41.9,3,-0.3340195
493,45.0,136,-0.24525249
494,43.2,96,-0.11262924
495,25.9,121,-0.46247843
496,43.7,152,-0.25957233
497,38.4,51,-0.6740218
498,28.1,167,-0.8458669
499,54.3,44,-0.17740986
500,44.3,40,0.01756416
501,48.1,145,0.12674579
502,52.0,154,-0.062719405
503,63.9,20,0.49787885
504,55.1,78,-0.5901091
505,46.9,75,0.07868297
506,26.8,216,-0.682759
507,44.2,166,-0.51219505
508,57.4,164,0.13132319
509,38.1,32,-0.30973577
510,44.2,68,-0.25918853
511,44.0,5,-0.22311364
512,33.8,106,-0.9189833
513,45.8,42,0.38855767
514,34.8,112,-0.67727315
515,53.4,172,-0.2672732
516,31.8,52,-0.5226873
517,38.2,139,-0.5415306
518,47.1,150,-0.116669945
519,20.8,83,-0.603113
520,30.3,148,-0.7813006
521,47.0,190,-0.055361263
522,38.2,87,-0.59599704
523,48.5,15,0.120307274
524,12.8,127,1.9411206
525,47.8,176,-0.2363912
526,36.4,0,-0.51799476
527,54.4,51,-0.18278831
528,53.7,176,-0.4584688
529,46.3,84,0.23199569
530,44.6,15,0.12084019
531,45.1,15,0.3524435
532,41.1,192,-0.39498362
533,49.3,106,0.28011343
534,30.7,48,-1.2311825
535,40.2,69,-0.4291168
536,54.8,48,-0.1602643
537,35.7,80,-0.4639697
538,46.5,121,-0.13950932
539,50.8,170,-0.6622269
540,21.7,29,-0.19729616
541,33.4,112,-1.1629184
542,37.4,96,-0.42781982
543,37.1,114,-1.0240438
544,39.4,203,-0.41705823
545,31.0,70,-1.0202959
546,36.0,0,-0.59789026
547,30.3,129,-0.612929
548,43.2,141,-0.58870536
549,37.3,207,-0.7497289
550,39.9,15,-0.62639815
551,48.7,20,0.04111951
552,15.9,50,-0.4671992
553,37.8,57,-0.7467982
554,45.3,62,0.17239526
555,38.5,61,-0.39426854
556,50.0,210,-0.27264935
557,26.7,33,-0.5628937
558,42.9,29,-0.21749099
559,36.5,43,-0.7051233
560,43.9,0,-0.19827363
561,37.8,78,-0.63039917
562,61.0,182,0.44583765
563,39.0,127,-0.6355396
564,36.2,69,-0.8866422
565,39.7,32,-0.22807579
566,33.4,22,-0.9892059
567,32.9,151,-0.7922968
568,31.2,123,-0.46673435
569,50.5,131,-0.28361276
570,47.9,112,0.14567065
571,20.4,171,-0.7486776
572,46.9,19,0.16562337
573,49.2,8,0.1293837
574,45.8,120,0.020822123
575,39.6,147,-0.7776373
576,46.9,113,-0.5349691
577,31.6,19,-1.0901206
578,44.8,63,0.41705176
579,35.5,155,-0.30624866
580,35.3,19,-0.26949662
581,44.3,37,0.36436844
582,40.2,93,-0.36758512
583,46.3,64,-0.49039066
584,43.3,174,-0.5709588
585,36.7,18,-0.6777304
586,49.4,207,0.1220018
587,30.8,13,-1.0212331
588,38.4,144,-0.71131295
589,37.3,217,-0.25148022
590,27.6,208,-0.5858181
591,45.7,204,0.1013558
592,53.6,86,-0.46849117
593,33.7,130,-0.965571
594,24.3,81,-0.7415544
595,21.4,136,-0.79312295
596,38.5,132,-0.7047173
597,31.6,124,-0.7673626
598,31.4,38,-0.5091882
599,33.2,9,-0.8214062
600,48.0,135,0.056393426
601,50.6,189,-0.23923354
602,27.6,108,-0.5289039
603,44.4,128,0.26810005
604,44.0,33,-0.32955045
605,61.0,186,-0.14743204
606,28.2,66,-0.59416497
607,34.1,186,-0.3954677
608,26.0,222,-0.5960589
609,49.3,59,-0.09933586
610,44.3,7,0.33112514
611,35.9,174,-0.7046735
612,39.4,26,-0.30110076
613,44.2,148,-0.32752684
614,39.9,174,-0.38686654
615,32.5,143,-0.75531644
616,58.8,9,-0.67969245
617,42.5,47,-0.3654005
618,26.6,16,-0.43467572
619,37.0,152,-0.92735785
620,18.6,51,-0.64261484
621,41.7,6,-0.36547863
622,46.8,86,-0.034035847
623,45.1,54,0.4763058
624,44.1,81,0.06001269
625,34.8,177,-0.3231855
626,49.9,55,-0.06973386
627,51.4,185,-0.19219911
628,31.0,198,-0.9613282
629,38.6,118,-0.6754149
630,38.0,45,-0.59641755
631,38.1,96,-0.69606304
632,48.7,21,0.02088681
633,47.0,11,0.02153182
634,43.1,31,-0.14366557
635,34.0,60,-1.1904677
636,34.3,40,-0.5659685
637,53.0,181,0.07540491
638,35.2,119,-0.07226439
639,28.8,111,-0.010241965
640,45.8,81,0.013314826
641,44.3,152,-0.20349267
642,30.8,80,-1.1081195
643,36.4,114,-0.42150307
644,56.4,202,0.34122008
645,5.8,215,1.066071
646,35.2,112,-0.20589817
647,38.1,153,-0.45283043
648,32.1,88,-1.0839348
649,39.2,209,-0.6139519
650,31.6,84,-0.909909
651,32.7,0,-0.8217022
652,38.7,65,-0.51198834
653,43.8,2,-0.19434433
654,37.3,160,-0.2585058
655,46.3,3,0.24165036
656,45.6,174,0.042048737
657,37.0,50,-0.321448
658,47.4,197,-0.4416862
659,46.3,194,-0.29764378
660,54.5,52,-0.54176974
661,47.3,203,-0.060477786
662,54.7,52,-0.5487283
663,53.0,172,-0.46954373
664,30.3,115,-0.45944032
665,37.9,194,-0.4192843
666,9.7,143,1.9759536
667,46.6,2,0.42367908
668,45.8,6,0.27052358
669,28.4,74,-0.5341785
670,46.3,100,0.17965081
671,47.6,179,-0.30586007
672,49.6,21,0.19858198
673,32.9,58,-1.1595843
674,56.8,216,0.56918836
675,36.0,162,-0.31792995
676,39.6,144,-0.5145647
677,29.8,127,-0.24859656
678,49.9,74,0.23747303
679,51.4,170,-0.44772965
680,32.8,120,-0.52483255
681,46.5,25,-0.10952019
682,42.4,57,-0.13277544
683,51.3,82,-0.69624895
684,52.0,136,-0.4162754
685,47.4,210,0.10881014
686,44.6,142,-0.1549292
687,30.8,44,-0.6426722
688,35.7,81,-0.79525304
689,50.7,24,-0.52765256
690,58.0,90,-0.42747402
691,41.3,101,-0.4785917
692,62.4,204,2.144364
693,42.3,129,-0.41485178
694,60.2,147,-0.16187014
695,43.0,210,-0.36704972
696,29.4,18,-0.18123715
697,35.1,204,-0.20970836
698,52.5,26,-0.3378618
699,52.3,12,-0.50283545
700,28.7,124,-0.5985851
701,21.4,15,-0.28841183
702,44.5,135,0.13415682
703,46.0,113,0.33228615
704,43.4,16,-0.19924732
705,36.9,12,-0.70564646
706,41.1,80,-0.4915411
707,47.1,199,-0.59073967
708,37.2,73,-0.6319598
709,35.1,60,-0.11709925
710,35.2,199,-0.28508255
711,30.3,91,-0.44729275
712,46.6,192,-0.24166895
713,26.2,64,-0.4390197
714,45.3,28,0.16765322
715,47.4,142,-0.43961227
716,34.2,217,-1.1386665
717,27.4,212,-0.6781307
718,47.4,170,-0.60115325
719,24.2,54,-0.8333603
720,45.1,0,0.06077619
721,49.0,166,-0.13707754
722,39.2,12,-0.34453297
723,40.6,175,-0.50285685
724,41.6,12,-0.30686486
725,21.8,135,-0.4316922
726,40.2,152,-0.26146758
727,49.4,188,-0.41267627
728,35.5,70,-0.47709617
729,44.8,21,0.24955882
730,32.7,181,-0.9978995
731,37.6,116,-0.5968529
732,36.7,116,-0.4707195
733,45.7,210,-0.44825026
734,32.0,180,-0.6881221
735,24.3,28,-0.42130083
736,27.7,130,-0.64369553
737,31.1,191,-0.9600997
738,35.2,31,-0.13569432
739,41.9,97,-0.45913702
740,41.9,215,-0.20626724
741,43.3,68,-0.18702014
742,34.0,134,-1.1555668
743,35.0,70,-0.08557518
744,31.9,134,-0.47766152
745,41.6,155,-0.08223684
746,45.8,192,0.4019736
747,36.2,42,-0.5358503
748,41.0,11,-0.5477327
749,42.5,61,-0.10571483
750,37.5,39,-0.36948788
751,44.1,141,-0.3618307
752,43.6,0,-0.14723822
753,45.7,97,-0.118662626
754,52.4,112,-0.2595305
755,30.8,92,-0.73858714
756,25.4,55,-0.11878022
757,58.6,201,0.9976524
758,35.3,138,-0.41726455
759,46.7,84,-0.053357437
760,45.7,213,0.12216929
761,26.6,175,-0.47579658
762,30.4,191,-0.16618532
763,40.9,195,-0.30093777
764,46.9,138,-0.25657725
765,51.0,119,-0.4061075
766,49.6,56,-0.32762223
767,30.7,177,-1.0585676
768,49.0,181,0.10406664
769,44.1,197,-0.30947894
770,49.5,10,-0.40653878
771,40.1,100,-0.23580606
772,45.1,95,0.0864848
773,38.9,180,-0.13932052
774,20.3,140,-0.81915
775,52.4,142,-0.17705643
776,54.3,165,-0.20917761
777,42.5,23,-0.40615427
778,38.5,81,-0.37904266
779,12.2,17,1.8800129
780,43.3,171,-0.37058625
781,42.8,30,-0.5915422
782,52.7,212,0.3567267
783,48.4,194,0.17666572
784,24.4,47,-0.7967996
785,41.1,205,-0.21363182
786,41.1,53,-0.41211745
787,22.8,18,-0.47442943
788,39.9,184,-0.7045946
789,28.5,184,-0.37775537
790,48.0,181,-0.042437505
791,41.0,99,-0.40551502
792,28.8,108,-0.5554313
793,44.2,115,-0.06290142
794,52.8,94,-0.6033853
795,33.5,135,-1.397185
796,25.4,209,-0.096437536
797,31.6,173,-0.54521877
798,40.7,98,-0.7218001
799,57.0,198,0.72233653
800,50.7,106,-0.42458537
801,48.9,107,0.3440183
802,36.1,156,-0.2218404
803,39.8,92,-0.34219465
804,34.2,151,-0.9625364
805,22.3,121,-0.42388684
806,29.7,32,-0.34643292
807,24.4,163,-0.6903346
808,53.7,175,-0.4751549
809,31.7,170,-0.9828489
810,32.3,167,-0.73371446
811,36.4,114,-0.84414804
812,38.7,141,-0.5444992
813,41.7,56,-0.270381
814,36.6,215,-0.44808507
815,43.8,54,-0.35320204
816,28.0,21,-0.73586506
817,60.5,10,0.33416393
818,35.1,107,-0.24583371
819,39.9,83,-0.3555929
820,49.7,108,0.19001886
821,54.1,113,-0.37949035
822,38.7,58,-0.18768656
823,29.5,95,-0.44305873
824,33.8,19,-0.595551
825,42.8,11,-0.47027028
826,31.9,137,-0.8497823
827,38.8,132,-0.4806899
828,51.5,126,-0.038750213
829,43.9,137,-0.41084427
830,27.3,116,-0.60465384
831,50.1,166,-0.28204224
832,15.4,203,0.3657074
833,41.2,71,-0.4773417
834,39.9,201,-0.25753662
835,40.0,61,-0.22468317
836,45.5,199,-0.22297163
837,36.0,158,-0.27734554
838,38.3,21,-0.3942388
839,38.4,11,-0.71750206
840,27.7,203,0.06471579
841,37.9,127,-0.27385643
842,41.5,181,-0.31763917
843,53.2,95,-0.26602423
844,48.6,142,-0.112787984
845,37.4,37,-0.21509232
846,34.5,168,-1.0798131
847,33.5,158,-0.8469984
848,41.4,74,-0.35570708
849,39.8,141,-0.085507326
850,43.1,16,-0.48622757
851,43.8,41,-0.53237903
852,36.7,68,-0.3138126
853,55.5,71,-0.14086558
854,19.7,169,-0.58077985
855,40.7,145,-0.45648313
856,17.7,219,-0.43368703
857,46.9,87,-0.40880415
858,36.6,80,-0.9893784
859,37.7,126,-0.4378706
860,31.8,23,-0.7263471
861,40.8,178,-0.18161915
862,49.8,150,-0.10801682
863,44.9,133,-0.053179756
864,64.0,3,0.7151408
865,40.1,5,-0.48684043
866,43.4,54,-0.30269155
867,28.7,55,-0.38799608
868,35.9,92,0.013675035
869,44.6,83,-0.0025720377
870,21.3,130,-0.8043498
871,41.3,134,-0.45434263
872,39.2,122,-0.29040295
873,26.3,30,-0.34859946
874,46.7,194,-0.37306398
875,43.6,189,-0.30421686
876,27.5,154,-0.49780235
877,35.0,215,0.004523095
878,31.2,131,-1.2192794
879,36.3,62,-0.25616997
880,41.2,104,-0.067092545
881,42.7,179,-0.39117357
882,40.8,17,-0.3897156
883,55.7,102,0.038943134
884,41.9,32,-0.27480537
885,44.1,136,-0.5708426
886,53.9,207,0.42986634
887,30.6,213,-0.48037285
888,36.8,159,-0.17634308
889,47.9,79,0.030550715
890,35.1,54,-0.38763493
891,37.3,164,-0.7524734
892,38.8,139,-0.7724213
893,36.7,130,-0.42673272
894,52.5,200,-0.20537125
895,41.9,137,-0.4939481
896,50.4,74,-0.67063046
897,36.9,35,-0.6006201
898,47.2,4,-0.048499122
899,51.0,137,-0.49235666
900,25.1,87,-0.8876317
901,50.0,45,-0.1410076
902,33.4,106,-0.8029631
903,38.9,166,-0.59942555
904,43.3,131,-0.5508832
905,23.5,215,-0.88839024
906,44.2,76,-0.36331868
907,40.3,162,-0.3809161
908,40.0,9,-0.3613659
909,50.7,12,-0.23354505
910,44.5,87,0.033900395
911,41.2,185,-0.5772414
912,37.7,171,-0.8246664
913,43.5,17,-0.29245135
914,46.7,49,-0.0949469
915,28.3,103,-0.12345935
916,32.7,94,-0.93112934
917,30.1,136,-0.47156718
918,39.4,141,-0.6590035
919,63.7,92,0.8368089
920,58.8,202,0.32130003
921,27.1,104,-0.33294734
922,32.3,197,-1.1749063
923,61.0,140,0.22345349
924,47.5,166,-0.25193545
925,48.1,39,0.2691367
926,36.3,95,-0.55103487
927,48.6,70,0.04502672
928,62.0,47,-0.10714223
929,30.3,27,-0.79658705
930,46.3,14,0.30101478
931,51.3,51,-0.082959466
932,38.5,117,-0.34814632
933,36.0,148,-0.39510146
934,41.1,129,-0.12005826
935,60.9,32,0.03088225
936,36.1,43,-0.2670195
937,37.4,118,-0.6246248
938,48.1,67,0.21051323
939,41.3,160,-0.39630234
940,29.3,226,-0.6162003
941,57.5,88,-0.413885
942,35.3,52,-0.1411092
943,30.8,37,-0.223529
944,39.2,192,-0.50066125
945,40.3,204,-0.69091094
946,38.9,150,-0.11421053
947,38.6,56,-0.47954392
948,33.1,97,-1.479257
949,28.9,20,-0.3471393
950,31.4,149,-0.5664281
951,32.7,18,-1.0544608
952,29.8,137,-0.380224
953,22.4,149,-0.8963956
954,48.7,26,0.083641544
955,43.3,32,-0.3669776
956,26.2,204,-0.32016283
957,32.1,25,-1.1879368
958,60.4,139,0.12789874
959,44.2,84,-0.15086691
960,35.8,43,-0.2559776
961,37.5,137,-0.57156974
962,52.3,2,-0.30297
963,55.0,25,-0.105367914
964,21.8,58,-1.1408157
965,46.2,167,-0.33320504
966,43.6,169,-0.48423517
967,50.9,75,-0.21806753
968,52.9,11,-0.023339232
969,56.1,206,0.5948291
970,22.3,145,-0.4583341
971,34.0,179,-0.73967475
972,37.2,192,-0.9663415
973,45.9,184,0.15141113
974,44.9,97,0.31655407
975,27.9,240,-0.66289747
976,55.6,46,-0.78756475
977,41.2,155,-0.15477815
978,32.3,76,-0.929208
979,36.8,7,-0.5909084
980,37.2,54,-0.5944146
981,39.9,51,-0.27256438
982,41.9,207,-0.26916516
983,38.3,49,-0.5799109
984,44.5,159,-0.0726429
985,53.7,93,-0.26053968
986,34.9,11,-0.15621611
987,51.8,16,-0.13958065
988,51.3,124,-0.64947844
989,40.0,123,-0.30964208
990,45.9,50,0.30213764
991,52.3,96,-0.84277004
992,43.5,156,-0.5437208
993,44.5,89,0.60261613
994,54.6,120,-0.11102734
995,33.6,38,-0.8140016
996,47.0,22,0.0072075957
997,37.7,107,-0.6438222
998,33.6,217,-0.6766738
999,55.9,156,0.15133986
1000,38.9,12,-0.87450993
1001,36.8,197,-0.61605084
1002,38.1,140,-0.20957124
1003,41.7,180,-0.47271442
1004,19.1,192,-0.3988839
1005,55.4,145,-0.52323204
1006,35.0,137,-0.08070772
1007,35.0,74,-0.013591936
1008,47.3,70,-0.16295202
1009,29.1,2,-0.41257167
1010,37.7,98,-0.6831628
1011,41.7,132,-0.2859629
1012,40.6,178,-0.48098016
1013,51.1,157,-0.33451334
1014,42.9,209,-0.31324077
1015,61.5,85,0.3954247
1016,39.0,44,-0.541779
1017,38.1,39,-0.75449944
1018,41.0,114,-0.38789254
1019,32.0,10,-1.0608138
1020,27.1,203,0.018566612
1021,41.5,15,-0.47082558
1022,38.7,66,-0.20575263
1023,38.0,17,-0.63847077
1024,42.4,163,-0.5527984
1025,42.3,83,-0.49692848
1026,37.0,127,-0.50899005
1027,36.2,184,-0.04960108
1028,42.6,107,-0.6053325
1029,21.9,27,-0.64838016
1030,34.3,126,-0.7387195
1031,42.9,165,-0.04914587
1032,44.0,113,-0.38622153
1033,47.1,105,-0.32197416
1034,53.6,66,-0.30966198
1035,40.4,59,-0.33943236
1036,27.5,118,-0.754006
1037,49.0,158,-0.14036821
1038,37.6,44,-0.6317318
1039,35.8,122,-0.19233422
1040,38.4,54,-0.20217423
1041,32.0,32,-1.2257599
1042,33.2,20,-1.0840768
1043,16.4,112,-0.92633283
1044,47.9,131,0.18735144
1045,53.8,246,1.1481903
1046,36.0,23,-0.44451758
1047,40.6,145,-0.111858755
1048,42.8,121,-0.6538932
1049,35.3,208,-0.370113
1050,53.6,185,-0.54249084
1051,27.7,105,-0.69848967
1052,58.2,163,0.076016866
1053,24.6,77,-0.47465357
1054,42.7,48,-0.32299024
1055,43.4,197,-0.2806518
1056,31.1,203,-0.5304976
1057,57.9,155,0.36274657
1058,51.1,138,-0.61651754
1059,39.8,34,-0.5367764
1060,38.3,102,-0.39109576
1061,53.9,7,-0.15179215
1062,30.1,210,-0.20978092
1063,27.7,84,-0.5111199
1064,42.7,231,-1.1438267
1065,28.2,35,-0.4015146
1066,40.3,103,-0.41244075
1067,46.9,165,0.27590927
1068,36.2,167,-0.25834364
1069,23.3,146,-0.76864827
1070,47.5,150,-0.3559101
1071,35.9,120,-0.11927917
1072,57.9,70,-0.603819
1073,53.6,74,-0.24320382
1074,32.2,118,-1.1094822
1075,54.6,111,-0.41214728
1076,22.3,59,-0.6013047
1077,39.6,105,-0.39248535
1078,48.0,68,0.118222706
1079,41.9,11,-0.18807821
1080,42.9,153,-0.49919996
1081,32.9,82,-0.6589102
1082,23.9,28,-0.8460384
1083,48.1,43,0.24877909
1084,44.9,107,-0.06295113
1085,55.3,135,-0.91392237
1086,39.8,197,-0.638602
1087,44.7,48,0.24195014
1088,55.1,187,-0.49398246
1089,40.0,179,-0.3832658
1090,46.9,23,0.0063092243
1091,45.1,174,-0.17812046
1092,41.5,197,-0.20185976
1093,48.8,177,0.10959979
1094,23.8,169,-0.8400802
1095,54.2,198,-0.22926423
1096,45.3,144,0.5607227
1097,45.1,179,0.09078683
1098,35.8,26,-0.24715543
1099,47.5,64,-0.35927567
1100,28.0,175,-0.34049207
1101,43.4,100,-0.22623603
1102,43.2,191,-0.5584148
1103,37.1,210,-0.23205379
1104,41.8,128,-0.5024446
1105,24.6,158,-0.48366222
1106,54.3,125,0.1063685
1107,44.9,88,0.07084929
1108,35.2,23,-0.15886171
1109,31.0,2,-0.65682304
1110,50.0,51,0.09826018
1111,54.8,140,-0.46600655
1112,53.5,83,-0.46143395
1113,34.2,18,-0.9557143
1114,37.1,137,-0.34063628
1115,37.4,115,-0.49480706
1116,40.0,175,-0.6336562
1117,53.0,171,-0.13708138
1118,33.8,84,-0.696739
1119,33.0,210,-1.4312456
1120,27.8,0,-0.3461715
1121,45.5,196,-0.24107534
1122,39.4,29,-0.52802867
1123,47.2,175,-0.08260046
1124,40.6,89,-0.3656412
1125,32.9,117,-0.60799956
1126,48.7,56,-0.0048467396
1127,50.1,88,0.06873095
1128,30.8,158,-0.7960306
1129,41.2,156,-0.19741665
1130,49.8,43,-0.611362
1131,42.9,85,-0.43041706
1132,50.3,97,-0.58353406
1133,23.6,119,-1.1053637
1134,46.0,199,-0.100308135
1135,39.9,70,-0.5259702
1136,39.1,14,-0.6032846
1137,51.1,173,-0.16745512
1138,45.9,180,-0.22733302
1139,50.0,169,-0.091487385
1140,32.6,184,-1.1027163
1141,45.0,40,0.11101419
1142,42.3,180,-0.8493753
1143,29.8,186,-0.38540164
1144,36.5,63,-0.09292149
1145,49.5,211,0.12880805
1146,35.6,16,-0.1738163
1147,22.7,135,-0.63202405
1148,35.9,171,-0.35825443
1149,26.2,126,-0.51669693
1150,26.5,184,-0.1404534
1151,21.4,102,-0.6177596
1152,56.8,171,0.0088633895
1153,26.1,144,-0.08640392
1154,38.5,181,-0.43192753
1155,44.8,111,0.13139874
1156,32.8,4,-1.0623693
1157,46.0,149,-0.05088495
1158,43.0,78,-0.53662944
1159,35.8,14,-0.41693842
1160,36.5,182,-0.52991784
1161,29.4,170,-0.23725592
1162,26.0,132,-0.6578068
1163,39.9,153,-0.52267045
1164,18.7,144,-0.2980964
1165,39.9,175,-0.40977007
1166,53.9,88,-0.47254536
1167,24.8,113,-0.24578099
1168,45.2,223,-0.39589596
1169,39.8,192,-0.6101331
1170,43.6,198,-0.44363886
1171,43.7,215,-0.43025118
1172,36.4,71,-0.38477078
1173,34.1,113,-0.2952214
1174,34.9,67,-0.17586035
1175,41.2,149,-0.6434985
1176,21.7,206,-0.7069262
1177,48.7,189,-0.32255018
1178,54.3,117,0.26430795
1179,45.4,156,0.4151202
1180,21.7,72,-0.69570607
1181,30.3,116,-0.65148205
1182,25.7,123,-0.56551206
1183,32.6,10,-1.0531037
1184,42.0,117,-0.49225956
1185,50.0,166,-0.4036311
1186,54.1,57,-0.28742048
1187,40.2,132,-0.54052275
1188,38.0,154,-0.51996166
1189,69.7,64,1.8972294
1190,29.8,210,0.26587492
1191,41.6,202,-0.31725317
1192,35.2,77,-0.17098165
1193,53.9,120,-0.28415325
1194,36.8,62,-0.44818807
1195,43.3,155,0.15968913
1196,45.5,72,-0.32041273
1197,42.8,50,-0.31621057
1198,51.1,130,-0.9007122
1199,30.2,41,-0.6286712
1200,51.6,182,-0.084434494
1201,37.7,90,-0.88871324
1202,55.0,65,-0.6255123
1203,48.3,36,0.27955058
1204,27.4,44,-0.2034544
1205,41.8,79,-0.4587285
1206,41.9,165,-0.22825937
1207,25.4,22,-0.51675236
1208,42.4,152,-0.40589646
1209,37.6,45,-0.99673116
1210,16.7,128,-0.50636363
1211,52.5,171,-0.08288637
1212,40.8,71,-0.47543555
1213,40.7,156,-0.20524096
1214,50.7,219,-0.20533511
1215,41.3,158,-0.5483961
1216,52.6,208,0.35496572
1217,48.1,183,-0.09846813
1218,46.6,155,-0.050052825
1219,22.5,79,-0.91288215
1220,50.5,51,0.09132579
1221,48.5,203,-0.19915919
1222,43.1,166,-0.24372989
1223,30.5,7,-0.8767779
1224,41.7,235,-1.3115897
1225,65.3,192,1.6236967
1226,19.7,13,-0.0830215
1227,43.6,28,0.16773838
1228,44.1,192,-0.46127057
1229,37.4,162,-0.3454207
1230,53.3,8,-0.09304292
1231,30.9,9,-1.1478789
1232,33.8,115,-0.8525619
1233,39.0,103,-0.6326943
1234,30.7,129,-0.6776674
1235,35.9,71,-0.34269133
1236,44.3,219,-0.5953308
1237,62.3,156,0.7949598
1238,28.1,133,-0.43473372
1239,31.9,39,-1.0151882
1240,42.9,212,-0.37224087
1241,22.1,163,-0.7070073
1242,26.7,157,-0.37904027
1243,54.0,43,-0.39655748
1244,44.0,55,-0.036753777
1245,45.4,38,0.53907835
1246,26.3,150,-0.17304094
1247,45.6,37,0.47730604
1248,47.6,168,-0.13289139
1249,48.2,225,0.88838196
1250,54.0,138,-0.3966466
1251,50.6,195,-0.41654387
1252,46.5,182,-0.40527028
1253,41.9,61,-0.41978195
1254,34.1,215,-0.7134662
1255,54.8,32,-0.22470497
1256,44.7,108,0.30703852
1257,30.1,40,-1.0952003
1258,59.7,172,0.030506417
1259,20.6,37,-0.51504207
1260,39.5,180,-0.20671538
1261,39.5,83,-0.7914003
1262,32.7,83,-1.2068847
1263,34.6,111,-0.771321
1264,42.6,127,-0.38476974
1265,35.9,68,-0.0259357
1266,46.1,175,-0.23871668
1267,36.7,191,-1.1325377
1268,24.9,93,-0.35899174
1269,35.3,153,-0.52465916
1270,39.9,153,-0.21571553
1271,53.6,164,0.06543468
1272,48.8,72,-0.034750327
1273,39.1,114,-0.56344676
1274,23.9,112,-0.5288483
1275,22.0,74,-0.6964919
1276,39.9,157,-0.578729
1277,49.6,135,-0.10112827
1278,61.8,98,1.0417758
1279,42.8,185,-0.1720382
1280,35.0,133,-0.30280858
1281,38.2,200,-0.5625466
1282,29.9,50,-0.5568376
1283,41.3,116,-0.35073173
1284,36.0,150,0.008958232
1285,39.4,61,-0.2373525
1286,46.6,201,-0.26733685
1287,38.1,58,-0.5378498
1288,41.1,129,-0.5218661
1289,43.2,143,-0.30090493
1290,20.2,131,-0.8115004
1291,13.4,215,1.1789579
1292,50.8,122,-0.8234473
1293,30.5,217,-0.5537109
1294,30.4,151,-0.039762776
1295,28.8,199,-0.001591405
1296,33.0,29,-0.828866
1297,64.1,71,0.61998457
1298,41.9,113,-0.23306529
1299,35.1,206,-0.26375523
1300,39.6,97,-0.61474377
1301,48.3,201,-0.3182272
1302,48.6,72,0.349407
1303,51.0,206,-0.28377628
1304,28.4,104,-0.77947116
1305,29.7,168,0.3792865
1306,35.4,133,-0.525373
1307,38.5,52,-0.21940434
1308,54.0,6,-0.4849065
1309,40.4,92,-0.498007
1310,37.3,164,-0.7944302
1311,46.4,8,-0.14184974
1312,54.1,38,-0.35703892
1313,36.6,0,-0.59582096
1314,29.3,72,-0.41998264
1315,27.1,37,-0.53737223
1316,32.6,144,-0.65450877
1317,60.7,77,-0.11282798
1318,37.6,73,-0.3453699
1319,47.5,30,0.067146264
1320,24.8,17,-0.38356826
1321,27.6,67,-0.26059887
1322,19.8,203,-0.67807764
1323,23.8,196,-0.97748804
1324,56.0,0,-0.67461836
1325,38.2,169,-0.37420693
1326,33.9,193,-0.95284986
1327,49.7,210,-0.09388783
1328,50.1,213,-0.5835043
1329,51.2,112,-0.2871855
1330,38.0,33,-0.63347864
1331,36.2,188,-0.49245256
1332,30.7,90,-1.0284529
1333,32.8,112,-1.0278083
1334,44.9,161,-0.06964927
1335,23.0,15,-0.28141293
1336,32.5,188,-0.78986347
1337,48.3,25,0.22015966
1338,49.6,28,0.17922819
1339,42.5,227,-1.2420218
1340,45.1,107,-0.22697076
1341,32.8,40,-0.77027565
1342,29.9,140,-0.30130664
1343,41.2,66,-0.31604183
1344,43.9,84,-0.30150774
1345,43.9,73,-0.3904271
1346,24.9,66,-0.5228434
1347,41.7,41,-0.26814786
1348,51.9,77,-0.19625111
1349,30.3,79,-0.6547294
1350,17.8,39,-0.37920535
1351,39.8,118,-0.5011169
1352,31.5,108,-1.1332015
1353,38.1,182,-0.6005467
1354,52.1,181,-0.30380893
1355,42.9,175,-0.43589202
1356,55.7,169,0.09247059
1357,37.9,34,-0.42113435
1358,36.8,140,-0.82215726
1359,43.0,61,-0.13005738
1360,33.6,59,-0.5429465
1361,56.7,50,-0.16872548
1362,22.1,108,-0.55299205
1363,57.8,89,-0.3384352
1364,56.7,203,0.419518
1365,28.6,48,-0.41169816
1366,37.5,190,-0.83504736
1367,14.2,57,0.33512357
1368,40.7,40,-0.35376427
1369,38.3,170,-0.64940685
1370,36.4,113,-0.20682792
1371,23.3,172,-0.68580556
1372,37.0,211,-0.9029306
1373,37.1,160,-0.39487553
1374,41.8,153,-0.36863136
1375,43.5,15,-0.26618978
1376,34.5,6,-1.2170818
1377,37.5,5,-0.69376564
1378,54.2,110,-0.4844762
1379,30.3,125,-0.79491913
1380,40.5,59,-0.16780849
1381,48.1,79,-0.05665818
1382,49.5,205,0.008279393
1383,31.8,203,-0.68276966
1384,55.1,9,-0.115696155
1385,50.4,98,-0.52408403
1386,44.2,188,-0.8679133
1387,47.8,11,-0.2548718
1388,36.6,14,-0.19880399
1389,44.3,67,-0.10538905
1390,42.0,188,-0.74439275
1391,33.3,153,-0.7166819
1392,43.0,53,-0.40544292
1393,34.6,46,-0.64498216
1394,41.0,213,-0.43309683
1395,37.5,176,-0.5500431
1396,50.0,156,-0.23751596
1397,53.9,171,-0.37149045
1398,38.5,78,-0.40583003
1399,36.3,141,-0.7611382
1400,34.0,142,-1.0902723
1401,38.3,9,-0.29936114
1402,40.7,74,-0.5407954
1403,43.6,22,-0.34899795
1404,33.5,157,-1.1940485
1405,38.0,83,-0.5271642
1406,49.4,109,-0.12709525
1407,37.6,85,-0.89648986
1408,52.3,77,-0.06841321
1409,34.7,121,-0.9032849
1410,48.2,77,-0.1933911
1411,52.8,154,-0.22946265
1412,46.5,121,-0.21530604
1413,49.7,192,-0.012337544
1414,62.4,101,0.17379303
1415,47.3,79,-0.0024121709
1416,47.2,3,-0.143718
1417,38.7,45,-0.3807796
1418,38.8,156,-0.13143407
1419,35.7,9,-0.2673514
1420,27.7,23,-0.71101403
1421,60.1,167,0.18657859
1422,38.1,92,-0.52886647
1423,39.1,53,-0.55389655
1424,40.7,106,-0.1092005
1425,26.4,190,-0.61977446
1426,42.7,147,-0.10457432
1427,49.0,115,0.010585068
1428,35.4,120,-0.40195757
1429,42.3,29,-0.33853334
1430,38.9,23,-0.33877215
1431,29.4,49,-0.47891316
1432,27.0,190,-0.5578565
1433,33.7,195,-1.1043936
1434,44.5,51,0.20292526
1435,45.9,17,0.39211938
1436,38.5,47,-0.2140464
1437,40.1,142,-0.55003667
1438,58.2,110,0.35283533
1439,43.1,13,-0.46844158
1440,40.9,0,-0.5158997
1441,30.2,34,-0.7560054
1442,17.8,129,-0.49566883
1443,29.3,71,-0.16564117
1444,30.6,83,-1.0475051
1445,17.7,0,-0.18874003
1446,56.9,166,0.11462737
1447,30.6,14,-0.76504576
1448,31.4,5,-0.8345028
1449,19.0,133,-0.3116154
1450,42.1,125,-0.52992356
1451,47.1,144,-0.32513684
1452,44.5,85,0.048491623
1453,42.9,25,-0.42770162
1454,32.1,207,-1.1180261
1455,52.1,21,-0.487936
1456,39.1,0,-0.50470364
1457,17.8,91,-0.9868198
1458,46.0,151,0.30119276
1459,31.4,133,-0.94634193
1460,48.2,63,-0.19838515
1461,37.8,132,-0.73158985
1462,53.7,61,-0.2886603
1463,38.0,84,-0.50507146
1464,29.3,13,-0.5131314
1465,27.2,188,-0.482092
1466,50.0,55,-0.093064584
1467,19.0,143,-0.6506549
1468,45.3,8,0.31519642
1469,46.2,62,0.16326399
1470,28.8,31,-0.54106015
1471,52.9,180,-0.1693876
1472,37.7,124,-0.39072168
1473,52.5,98,-0.31463742
1474,40.7,164,-0.5474071
1475,42.3,207,-0.2821517
1476,30.4,155,-0.40551877
1477,31.7,119,-0.69839966
1478,35.8,14,-0.20296602
1479,41.8,66,-0.35816815
1480,28.2,61,-0.70594627
1481,62.8,22,0.39622378
1482,40.9,104,-0.3967822
1483,44.4,82,0.07190246
1484,51.1,173,-0.51408964
1485,54.7,44,-0.7590074
1486,25.8,105,-0.7071177
1487,37.2,131,-0.44579244
1488,39.9,146,-0.4534597
1489,23.7,61,-0.9356232
1490,45.4,130,0.013125686
1491,52.6,199,-0.026045777
1492,38.9,209,-0.30409774
1493,23.5,146,-0.6415923
1494,49.7,9,-0.1207309
1495,45.9,30,0.4702961
1496,49.1,74,0.22661181
1497,44.4,24,0.06708897
1498,42.4,48,-0.22668034
1499,28.3,88,-0.5298147
1500,46.1,148,0.27770278
1501,23.2,161,-0.9606788
1502,52.4,154,-0.008164351
1503,37.7,193,-0.5509095
1504,39.9,88,-0.66778773
1505,58.0,108,0.19455683
1506,44.5,204,0.030186014
1507,44.3,163,-0.39843044
1508,36.2,30,-0.11635621
1509,42.8,97,-0.61221606
1510,37.2,195,-0.86580265
1511,55.7,23,-0.52637506
1512,47.7,70,-0.24676582
1513,26.4,33,-0.3748809
1514,43.9,154,-0.5497208
1515,54.6,112,-0.5962983
1516,42.4,7,-0.6129933
1517,68.6,111,1.3674738
1518,20.5,9,-0.33903095
1519,48.6,98,-0.15244867
1520,33.3,233,-1.5011221
1521,35.5,98,-0.10468456
1522,44.0,185,-0.22743067
1523,19.7,167,-0.80726177
1524,38.0,139,-0.44954097
1525,42.0,110,-0.5289381
1526,24.8,78,-0.5105452
1527,36.6,84,-0.8784957
1528,33.2,139,-0.48875725
1529,32.2,101,-1.0155126
1530,30.9,226,-0.97194785
1531,34.4,76,-0.94129956
1532,43.8,69,-0.39143196
1533,49.5,107,0.009768374
1534,37.1,41,-0.35082394
1535,38.0,38,-0.9227974
1536,45.2,39,0.5779863
1537,46.8,21,0.21242379
1538,48.1,189,0.26044896
1539,46.3,210,0.26255685
1540,57.4,185,-0.45443088
1541,42.1,60,-0.41787887
1542,42.7,180,-0.27881715
1543,47.7,189,-0.29720217
1544,37.5,155,-0.3292258
1545,25.7,139,-0.7318005
1546,34.5,155,-0.494848
1547,30.5,14,-0.57377505
1548,44.9,20,0.16562091
1549,33.7,147,-0.80705196
1550,43.1,137,-0.54131234
1551,41.1,121,-0.638267
1552,41.3,67,-0.3438193
1553,45.9,109,0.22251059
1554,40.0,71,-0.63839614
1555,49.9,146,-0.108618364
1556,46.8,20,0.20079942
1557,33.2,156,-1.178451
1558,33.1,65,-0.78933746
1559,44.1,112,-0.07765401
1560,33.3,28,-0.75051665
1561,33.4,62,-0.66829
1562,66.4,109,0.6657321
1563,47.9,222,0.23645148
1564,36.9,125,-0.5399228
1565,61.7,74,1.2122827
1566,31.6,145,-1.0680218
1567,39.4,78,-0.36338773
1568,22.5,22,-0.3822519
1569,28.0,5,-0.69760567
1570,35.5,69,-0.27243766
1571,36.4,83,-0.2789372
1572,27.0,127,-0.6159452
1573,34.3,59,-1.0614566
1574,33.7,13,-1.0895344
1575,44.0,59,-0.031468578
1576,38.3,14,-0.46024245
1577,58.2,204,0.71545404
1578,47.3,208,-0.4888783
1579,37.9,197,-0.4584484
1580,27.6,170,-0.48101497
1581,34.6,159,-0.55043185
1582,36.1,15,-0.38832378
1583,40.2,45,-0.18897563
1584,40.1,89,-0.42517138
1585,23.8,33,-0.5359341
1586,24.7,98,-0.60407823
1587,35.3,46,-0.09280466
1588,43.8,18,-0.044075444
1589,42.7,58,-0.1533399
1590,38.4,51,-0.4371784
1591,32.7,17,-0.4384064
1592,42.9,74,-0.26901212
1593,34.4,228,-0.415226
1594,22.6,162,-0.26388422
1595,42.5,87,-0.22813216
1596,22.1,7,-0.35386866
1597,53.5,189,-0.011276721
1598,59.1,203,0.79464394
1599,28.8,135,0.02552413
1600,32.8,142,-0.64304435
1601,37.6,73,-0.8761909
1602,33.7,92,-1.2603109
1603,42.5,204,-0.3433764
1604,25.5,40,-0.60457146
1605,46.9,21,-0.087699264
1606,44.7,92,0.19083981
1607,51.9,60,-0.22780874
1608,47.6,145,-0.29407465
1609,41.4,199,-0.36208504
1610,23.9,158,-0.22117774
1611,30.5,29,-0.55601484
1612,28.5,63,-0.4572405
1613,28.9,149,0.051241074
1614,40.3,149,-0.19515382
1615,39.6,144,-0.5884547
1616,42.7,229,-1.304217
1617,56.2,218,0.8114089
1618,44.3,4,-0.22707263
1619,43.3,96,-0.3772585
1620,39.7,121,-0.54523
1621,35.7,100,-0.06636543
1622,26.9,116,-0.5694006
1623,43.7,217,-0.03396114
1624,53.2,0,0.00948648
1625,38.7,39,-0.49607036
1626,29.6,122,-0.93614495
1627,54.8,0,0.015610983
1628,31.3,114,-0.7406629
1629,44.9,205,-0.18166113
1630,40.2,171,-0.44990245
1631,36.7,0,-0.5898428
1632,49.1,33,-0.046929844
1633,47.1,153,-0.4638887
1634,37.4,171,-0.521433
1635,54.1,81,0.00047838246
1636,28.5,74,-0.50541186
1637,44.1,246,-0.9220069
1638,47.1,209,-0.5160633
1639,33.8,63,-0.32840332
1640,34.1,172,-0.7487981
1641,27.9,160,-0.6191925
1642,37.0,194,-0.22956455
1643,44.4,135,-0.06784639
1644,59.3,75,-0.40043646
1645,47.5,35,-0.06731621
1646,45.5,16,0.49592596
1647,22.3,211,-0.09354251
1648,34.6,94,-0.8169876
1649,51.1,130,-0.98534876
1650,37.6,106,-0.7518342
1651,56.5,122,-0.039550174
1652,42.2,196,-0.42460456
1653,64.4,113,0.54994106
1654,38.0,183,-0.46703592
1655,48.0,199,0.11839025
1656,31.4,192,-0.4238267
1657,27.3,163,-0.39230663
1658,59.4,115,-0.26002023
1659,30.9,133,-1.0932505
1660,41.9,140,-0.3094611
1661,18.5,204,-0.43046865
1662,45.5,166,-0.049960457
1663,43.9,0,-0.21255974
1664,43.3,60,-0.26806843
1665,36.5,134,-0.43822572
1666,41.3,159,-0.32311484
1667,29.1,201,-0.13979545
1668,37.1,27,-0.936944
1669,39.9,158,-0.2556591
1670,38.2,37,-0.65066975
1671,39.6,167,-0.2840979
1672,35.7,180,-0.23043391
1673,32.2,76,-1.3073448
1674,27.3,67,-0.750157
1675,29.5,51,-0.026600562
1676,30.8,100,-1.1871012
1677,25.8,35,-0.32807878
1678,60.3,36,-0.5335828
1679,39.4,155,-0.18371363
1680,35.1,44,-0.005061799
1681,34.8,207,-0.35906166
1682,31.6,52,-0.40684906
1683,34.8,121,-0.521305
1684,36.4,0,-0.32876453
1685,57.2,10,-0.30456033
1686,54.2,62,-0.3154604
1687,26.4,79,-0.4405117
1688,40.7,31,-0.35986823
1689,38.9,188,-1.0429299
1690,47.5,216,-0.6017189
1691,46.6,185,-0.20846029
1692,52.7,125,-0.26091883
1693,38.4,109,-0.44988817
1694,51.6,197,-0.7121241
1695,42.6,164,-0.30189848
1696,38.3,53,-0.6620667
1697,48.8,0,0.018410975
1698,43.8,112,-0.50011057
1699,23.6,122,-0.7697874
1700,28.0,202,-0.37746385
1701,50.0,218,0.28385276
1702,20.2,138,-0.69893175
1703,26.7,108,-0.5347279
1704,39.6,22,-0.32347298
1705,41.8,41,-0.3330117
1706,44.5,4,0.32705992
1707,25.3,178,-0.59145916
1708,16.8,105,-0.31401694
1709,48.2,145,0.053946823
1710,43.2,0,-0.5028223
1711,30.1,220,-0.5092922
1712,40.0,0,-0.692615
1713,43.0,139,-0.41111556
1714,42.3,21,-0.5698334
1715,46.3,146,-0.13575721
1716,38.8,96,-0.72246724
1717,38.8,29,-0.48250848
1718,49.9,48,-0.010792388
1719,46.2,10,0.025037862
1720,39.0,142,-0.25982574
1721,49.1,206,-0.2760414
1722,15.4,207,0.5898419
1723,40.6,101,-0.4691234
1724,50.2,98,-0.40013343
1725,33.6,143,-0.9666393
1726,25.0,156,-0.39565456
1727,42.6,0,-0.31259334
1728,50.8,13,0.085609145
1729,53.3,132,-0.46132496
1730,55.6,127,-0.06651361
1731,54.3,89,-0.50404495
1732,47.3,71,0.31737936
1733,44.3,57,0.016284902
1734,36.6,20,-0.64966387
1735,49.4,102,-0.40711486
1736,49.1,117,-0.1354109
1737,27.3,40,-0.45080528
1738,49.9,17,-0.21181943
1739,44.6,69,0.016100107
1740,45.8,125,0.10323771
1741,53.4,104,-0.36649308
1742,43.9,193,-0.1020022
1743,21.8,12,-0.7302409
1744,20.6,130,-0.7197442
1745,68.2,187,1.7679205
1746,42.4,155,-0.4789218
1747,40.1,46,-0.4033385
1748,48.7,13,0.024484506
1749,56.2,65,-0.91859406
1750,35.0,123,-0.5765973
1751,42.1,154,-0.43023258
1752,36.4,53,-0.7533701
1753,34.9,93,-0.2996293
1754,41.4,184,-0.30818364
1755,23.0,153,-0.27519774
1756,49.9,199,-0.21957782
1757,36.9,159,-0.50005054
1758,40.3,207,-0.1789436
1759,31.6,96,-0.97920156
1760,42.4,190,-0.3999943
1761,57.3,116,0.18190058
1762,24.1,112,-0.51315814
1763,32.3,46,-0.9437628
1764,43.6,141,-0.4061522
1765,47.2,168,-0.308535
1766,37.3,135,-0.18290292
1767,43.2,92,-0.34947678
1768,44.2,134,-0.24585831
1769,42.4,113,-0.65360534
1770,44.3,145,-0.4109733
1771,39.3,146,-0.2810913
1772,43.6,240,-1.2522069
1773,20.7,59,-0.62098515
1774,60.7,125,0.23984344
1775,43.8,130,0.049269002
1776,39.7,77,-0.4446933
1777,39.3,197,-0.21814202
1778,42.7,221,-0.4443677
1779,37.8,7,-0.42054847
1780,23.7,37,-0.91042185
1781,46.9,203,-0.45228478
1782,56.2,133,-0.05884033
1783,47.1,68,0.045346342
1784,45.0,158,-0.0138455685
1785,35.5,218,-0.24166048
1786,56.9,155,0.08025584
1787,47.9,77,0.35533667
1788,30.4,180,-0.36590692
1789,36.5,83,-0.123797596
1790,32.6,9,-0.4985318
1791,43.2,30,-0.28914616
1792,40.6,42,-0.35788321
1793,37.5,73,-0.7321963
1794,48.2,204,-0.07035678
1795,30.9,31,-0.6360789
1796,27.7,143,-0.064636335
1797,46.5,185,-0.2677757
1798,33.3,67,-1.2056891
1799,53.9,110,-0.2426419
1800,52.8,33,-0.2179275
1801,35.9,67,-0.32894757
1802,27.2,76,-0.8390301
1803,28.7,20,-0.05156417
1804,35.1,164,-0.122108474
1805,39.3,151,-0.27830514
1806,22.2,111,-0.7918797
1807,38.6,34,-0.60405004
1808,54.6,168,-0.6505272
1809,45.5,146,-0.20085576
1810,39.1,217,-0.37588057
1811,43.5,122,-0.35656857
1812,45.2,40,0.045267116
1813,38.8,186,-0.5113891
1814,50.1,144,-0.18435259
1815,32.0,79,-0.5731428
1816,26.9,45,-0.58812934
1817,42.2,3,-0.47081727
1818,22.1,171,-0.47914034
1819,33.5,39,-1.211788
1820,43.7,8,-0.322112
1821,38.5,64,-0.79229087
1822,59.8,15,0.10606194
1823,35.8,20,0.013991245
1824,28.9,129,-0.36009914
1825,44.0,48,-0.10359059
1826,30.7,5,-0.9544345
1827,45.3,58,0.2029344
1828,50.6,141,-0.27656838
1829,41.7,72,-0.29375115
1830,50.5,12,-0.51489717
1831,28.0,158,-0.31825522
1832,36.1,68,-0.54791343
1833,40.0,86,-0.39828873
1834,42.4,112,-0.52409565
1835,39.3,195,-0.31365505
1836,45.1,148,0.5085923
1837,45.7,192,-0.15015146
1838,44.0,126,-0.014639152
1839,29.7,9,-0.09592282
1840,49.0,13,0.09899203
1841,43.0,50,-0.19109514
1842,31.2,139,-1.0956712
1843,48.8,192,0.015746122
1844,38.6,3,-0.58675957
1845,50.1,213,-0.081611566
1846,21.1,42,-0.77366287
1847,40.0,158,-0.26787224
1848,39.4,96,-0.47427818
1849,43.5,206,-0.48139444
1850,24.6,171,-0.82090354
1851,53.5,192,-0.024373097
1852,54.0,186,-0.72382885
1853,38.6,16,-0.5199216
1854,21.2,13,-0.25691766
1855,27.7,95,-0.1159792
1856,70.0,62,1.1672546
1857,55.3,192,-0.07349505
1858,27.1,78,-0.2893354
1859,28.5,117,0.04196728
1860,32.7,143,-0.887849
1861,25.5,120,-0.46004903
1862,48.1,32,0.17262085
1863,37.8,104,-0.7269794
1864,31.1,0,-1.0035061
1865,34.9,181,-0.15112461
1866,38.2,198,-0.53626513
1867,31.2,182,-0.5993703
1868,40.1,126,-0.28298184
1869,40.7,74,-0.27102944
1870,50.4,46,-0.63240206
1871,27.8,66,-0.6090166
1872,34.6,114,-0.8978925
1873,32.1,53,-0.5519902
1874,32.2,161,-0.6712377
1875,20.5,155,-0.6951043
1876,37.9,148,-0.53902805
1877,43.4,111,-0.09081826
1878,32.7,75,-1.0826519
1879,40.6,182,-0.27408117
1880,31.1,194,-0.31472015
1881,38.3,51,-0.14107582
1882,48.0,174,0.11560177
1883,52.7,2,-0.5614795
1884,51.8,178,-0.06471825
1885,58.2,65,-0.3413543
1886,34.5,204,-0.7973311
1887,44.0,208,-0.33696243
1888,32.2,91,-0.6286832
1889,48.4,185,0.3129725
1890,33.1,68,-0.9264379
1891,43.7,138,-0.17908826
1892,25.9,131,-0.619113
1893,58.9,126,-0.024818413
1894,41.4,123,-0.42208615
1895,41.7,16,-0.39843956
1896,54.4,7,-0.20921065
1897,42.5,145,-0.25063986
1898,34.9,57,-0.36119777
1899,37.8,45,-0.37200803
1900,32.6,79,-1.2109625
1901,39.1,84,-0.6751447
1902,27.2,5,-0.2084978
1903,37.3,168,-0.6853245
1904,50.7,2,-0.3742792
1905,42.3,129,-0.58910525
1906,46.8,116,-0.40097135
1907,34.2,109,-1.0815542
1908,31.4,171,-1.1114527
1909,40.0,154,-0.5256595
1910,29.0,235,-0.76854026
1911,50.9,141,-0.7760454
1912,50.1,188,-0.024811797
1913,39.1,179,-0.32647544
1914,51.7,2,-0.32208684
1915,47.4,167,-0.2794119
1916,28.3,177,-0.52478844
1917,38.5,134,-0.53073716
1918,50.5,187,-0.1470521
1919,26.6,73,-0.40703252
1920,19.7,2,-0.31202313
1921,43.4,222,-0.8289194
1922,29.3,37,0.22933567
1923,36.1,157,-0.058759876
1924,44.6,17,0.42451668
1925,54.1,109,-0.4772637
1926,40.6,121,-0.32065442
1927,44.1,217,-0.51808876
1928,45.8,58,0.19485436
1929,48.4,131,0.5653601
1930,21.0,127,-0.68698883
1931,51.2,175,-0.18894553
1932,39.6,5,-0.3211231
1933,30.3,64,-0.66026163
1934,47.8,18,-0.07318837
1935,36.6,104,-0.20957021
1936,57.0,43,0.08462147
1937,33.0,171,-1.1277821
1938,43.4,65,-0.55302864
1939,48.7,60,-0.05716587
1940,31.9,167,-1.0863526
1941,43.9,129,-0.28761646
1942,44.9,80,0.048758462
1943,20.1,161,-0.48213252
1944,26.0,135,-0.42264843
1945,32.4,38,-1.0534283
1946,45.4,181,0.26028058
1947,31.0,141,-1.1052483
1948,47.7,101,-0.25927487
1949,68.2,111,1.1755825
1950,42.2,139,-0.52751714
1951,33.1,68,-1.0118012
1952,40.5,25,-0.28834745
1953,28.8,92,-0.096216135
1954,41.9,208,-0.37489823
1955,49.8,143,-0.4594096
1956,18.3,159,-0.48716882
1957,37.9,79,-0.8207868
1958,37.3,25,-0.5333137
1959,33.3,191,-1.0072061
1960,52.4,140,-0.54237115
1961,34.6,139,-0.4133981
1962,35.6,190,-0.3659705
1963,47.0,210,0.056671545
1964,43.0,151,-0.36121455
1965,45.4,147,0.31639126
1966,51.9,89,-0.4207092
1967,41.8,165,-0.17172776
1968,29.6,47,0.20145075
1969,45.5,123,0.2870592
1970,24.3,174,-0.5038696
1971,17.5,3,-0.50654465
1972,42.9,148,-0.1608157
1973,53.8,90,-0.23942083
1974,50.0,84,-0.010125719
1975,30.8,212,-0.80788827
1976,37.8,157,-0.6525472
1977,33.9,93,-0.98012114
1978,42.4,60,-0.32133728
1979,42.1,86,-0.15069394
1980,35.8,164,-0.50414306
1981,54.9,69,-0.21851765
1982,55.5,59,-0.1327367
1983,44.2,196,-0.48243132
1984,43.0,88,-0.26738805
1985,47.9,58,-0.06545808
1986,41.3,175,-0.5908671
1987,51.3,180,-0.2603242
1988,25.4,170,-0.40598413
1989,37.7,122,-0.49256352
1990,51.1,121,-0.8216692
1991,45.1,29,0.35352337
1992,47.9,206,0.04421107
1993,40.3,154,-0.2149218
1994,60.6,8,-0.33516574
1995,28.7,7,-0.3155691
1996,40.2,73,-0.50441873
1997,42.8,121,-0.51077855
1998,46.4,194,-0.3618113
1999,21.6,37,-0.66431737
