Recall,Precision,Threshold
1.0,0.034,5.099349e-07
1.0,0.03401700850425213,7.093342e-07
1.0,0.03403403403403404,7.5816916e-07
1.0,0.03405107661492238,7.7899017e-07
1.0,0.03406813627254509,1.0588082e-06
1.0,0.034085213032581455,1.2820401e-06
1.0,0.034102306920762285,1.3374569e-06
1.0,0.03411941796287005,1.3403759e-06
1.0,0.03413654618473896,1.4158405e-06
1.0,0.03415369161225515,1.6163236e-06
1.0,0.034170854271356785,1.6294915e-06
1.0,0.03418803418803419,1.8636491e-06
1.0,0.03420523138832998,2.3579064e-06
1.0,0.034222445898339206,2.3731993e-06
1.0,0.03423967774420947,2.3855025e-06
1.0,0.03425692695214106,2.587256e-06
1.0,0.034274193548387094,2.6022715e-06
1.0,0.03429147755925366,2.6345838e-06
1.0,0.034308779011099896,2.6672822e-06
1.0,0.034326097930338216,2.7083893e-06
1.0,0.03434343434343434,2.7833248e-06
1.0,0.03436078827690753,2.801452e-06
1.0,0.034378159757330634,3.0146875e-06
1.0,0.0343955488113303,3.241216e-06
1.0,0.03441295546558704,3.3708484e-06
1.0,0.034430379746835445,3.3784822e-06
1.0,0.034447821681864235,3.568364e-06
1.0,0.03446528129751647,3.8383955e-06
1.0,0.034482758620689655,3.861703e-06
1.0,0.03450025367833587,3.8641124e-06
1.0,0.03451776649746193,3.9546003e-06
1.0,0.03453529710512951,4.1700555e-06
1.0,0.034552845528455285,4.170338e-06
1.0,0.03457041179461108,4.3382597e-06
1.0,0.03458799593082401,4.354072e-06
1.0,0.03460559796437659,4.3779805e-06
1.0,0.034623217922606926,4.5006723e-06
1.0,0.034640855832908816,4.5477614e-06
1.0,0.034658511722731905,4.677892e-06
1.0,0.03467618561958185,4.6898763e-06
1.0,0.03469387755102041,4.9385762e-06
1.0,0.03471158754466565,5.062334e-06
1.0,0.03472931562819203,5.169741e-06
1.0,0.03474706182933061,5.3911326e-06
1.0,0.034764826175869123,5.41439e-06
1.0,0.034782608695652174,5.496367e-06
1.0,0.03480040941658137,5.513003e-06
1.0,0.03481822836661547,5.5742817e-06
1.0,0.03483606557377049,5.603671e-06
1.0,0.03485392106611994,5.6325553e-06
1.0,0.03487179487179487,5.6790814e-06
1.0,0.034889687018984095,5.6992376e-06
1.0,0.03490759753593429,5.788413e-06
1.0,0.03492552645095018,5.868324e-06
1.0,0.03494347379239465,5.882158e-06
1.0,0.03496143958868895,6.149439e-06
1.0,0.03497942386831276,6.289417e-06
1.0,0.034997426659804425,6.3009616e-06
1.0,0.035015447991761074,6.3439456e-06
1.0,0.03503348789283874,6.3505377e-06
1.0,0.03505154639175258,6.3862612e-06
1.0,0.035069623517276945,6.430962e-06
1.0,0.03508771929824561,6.4928518e-06
1.0,0.035105833763551884,6.516946e-06
1.0,0.03512396694214876,6.5401878e-06
1.0,0.0351421188630491,6.581671e-06
1.0,0.03516028955532575,6.642471e-06
1.0,0.03517847904811174,6.662461e-06
1.0,0.035196687370600416,6.6631537e-06
1.0,0.03521491455204557,6.680174e-06
1.0,0.035233160621761656,6.697665e-06
1.0,0.0352514256091239,6.7546766e-06
1.0,0.035269709543568464,6.7780816e-06
1.0,0.03528801245459263,6.9510907e-06
1.0,0.035306334371754934,6.9912257e-06
1.0,0.03532467532467533,7.025312e-06
1.0,0.035343035343035345,7.055337e-06
1.0,0.03536141445657826,7.1012396e-06
1.0,0.03537981269510926,7.1370255e-06
1.0,0.035398230088495575,7.142091e-06
1.0,0.035416666666666666,7.2434177e-06
1.0,0.03543512245961438,7.2701314e-06
1.0,0.035453597497393116,7.2702833e-06
1.0,0.03547209181011998,7.2732523e-06
1.0,0.03549060542797495,7.3322612e-06
1.0,0.035509138381201046,7.467534e-06
1.0,0.035527690700104496,7.5135954e-06
1.0,0.03554626241505489,7.521639e-06
1.0,0.03556485355648536,7.567514e-06
1.0,0.035583464154892726,7.672359e-06
1.0,0.0356020942408377,7.700977e-06
1.0,0.035620743844945,7.743765e-06
1.0,0.03563941299790356,7.775816e-06
1.0,0.0356581017304667,7.789272e-06
1.0,0.035676810073452254,8.057294e-06
1.0,0.03569553805774278,8.113683e-06
1.0,0.03571428571428571,8.205559e-06
1.0,0.03573305307409354,8.343946e-06
1.0,0.035751840168243953,8.406285e-06
1.0,0.03577064702788006,8.494667e-06
1.0,0.035789473684210524,8.524116e-06
1.0,0.03580832016850974,8.6652235e-06
1.0,0.03582718651211802,8.730912e-06
1.0,0.03584607274644175,8.891123e-06
1.0,0.035864978902953586,8.899139e-06
1.0,0.035883905013192614,8.928773e-06
1.0,0.03590285110876452,9.044116e-06
1.0,0.03592181722134179,9.209925e-06
1.0,0.035940803382663845,9.221192e-06
1.0,0.035959809624537285,9.250911e-06
1.0,0.03597883597883598,9.503011e-06
1.0,0.035997882477501325,9.503292e-06
1.0,0.036016949152542374,9.562293e-06
1.0,0.036036036036036036,9.7567045e-06
1.0,0.036055143160127257,9.783193e-06
1.0,0.03607427055702918,9.855524e-06
1.0,0.036093418259023353,9.924668e-06
1.0,0.036112586298459905,9.939301e-06
1.0,0.036131774707757705,1.0287522e-05
1.0,0.03615098351940457,1.04053925e-05
1.0,0.036170212765957444,1.0479004e-05
1.0,0.036189462480042574,1.0604983e-05
1.0,0.0362087326943557,1.0682065e-05
1.0,0.036228023441662226,1.0718065e-05
1.0,0.03624733475479744,1.0729172e-05
1.0,0.03626666666666667,1.1015997e-05
1.0,0.03628601921024546,1.1203417e-05
1.0,0.036305392418579815,1.1226658e-05
1.0,0.03632478632478633,1.1229902e-05
1.0,0.036344200962052375,1.134189e-05
1.0,0.03636363636363636,1.160016e-05
1.0,0.03638309256286784,1.1702641e-05
1.0,0.03640256959314775,1.1706179e-05
1.0,0.03642206748794858,1.1956908e-05
1.0,0.03644158628081458,1.2011057e-05
1.0,0.03646112600536193,1.21962685e-05
1.0,0.03648068669527897,1.2277035e-05
1.0,0.03650026838432636,1.241435e-05
1.0,0.036519871106337275,1.2423362e-05
1.0,0.03653949489521763,1.2471818e-05
1.0,0.03655913978494624,1.2563703e-05
1.0,0.03657880580957504,1.2756889e-05
1.0,0.03659849300322928,1.2797197e-05
1.0,0.0366182014001077,1.280114e-05
1.0,0.036637931034482756,1.28941465e-05
1.0,0.036657681940700806,1.2991942e-05
1.0,0.036677454153182305,1.3015181e-05
1.0,0.03669724770642202,1.3215436e-05
1.0,0.0367170626349892,1.3221916e-05
1.0,0.036736898973527825,1.3226544e-05
1.0,0.036756756756756756,1.3239833e-05
1.0,0.03677663601946998,1.327331e-05
1.0,0.0367965367965368,1.3407912e-05
1.0,0.036816459122902004,1.3419208e-05
1.0,0.03683640303358613,1.34219845e-05
1.0,0.03685636856368564,1.349952e-05
1.0,0.0368763557483731,1.353679e-05
1.0,0.03689636462289745,1.35701375e-05
1.0,0.03691639522258415,1.3574072e-05
1.0,0.036936447582835416,1.3623587e-05
1.0,0.03695652173913044,1.3714078e-05
1.0,0.036976617727025554,1.3859928e-05
1.0,0.036996735582154515,1.3911866e-05
1.0,0.037016875340228635,1.39718695e-05
1.0,0.037037037037037035,1.4223298e-05
1.0,0.037057220708446865,1.4303485e-05
1.0,0.03707742639040349,1.4354688e-05
1.0,0.03709765411893071,1.4362849e-05
1.0,0.03711790393013101,1.4453289e-05
1.0,0.03713817586018569,1.4525223e-05
1.0,0.03715846994535519,1.4541023e-05
1.0,0.037178786221979225,1.4654608e-05
1.0,0.037199124726477024,1.4655293e-05
1.0,0.037219485495347565,1.47591945e-05
1.0,0.03723986856516977,1.48457575e-05
1.0,0.03726027397260274,1.49957605e-05
1.0,0.03728070175438596,1.5034539e-05
1.0,0.03730115194733955,1.50634e-05
1.0,0.03732162458836443,1.5311776e-05
1.0,0.037342119714442616,1.5392725e-05
1.0,0.03736263736263736,1.541492e-05
1.0,0.037383177570093455,1.5481555e-05
1.0,0.0374037403740374,1.5549738e-05
1.0,0.03742432581177765,1.5607175e-05
1.0,0.037444933920704845,1.5629292e-05
1.0,0.03746556473829201,1.5859465e-05
1.0,0.037486218302094816,1.5994035e-05
1.0,0.03750689464975179,1.6062622e-05
1.0,0.037527593818984545,1.6089603e-05
1.0,0.03754831584759801,1.6194901e-05
1.0,0.03756906077348066,1.624838e-05
1.0,0.037589828634604756,1.651579e-05
1.0,0.03761061946902655,1.6620785e-05
1.0,0.03763143331488655,1.6694368e-05
1.0,0.03765227021040975,1.690872e-05
1.0,0.037673130193905814,1.7088822e-05
1.0,0.037694013303769404,1.7113709e-05
1.0,0.03771491957848031,1.7245135e-05
1.0,0.03773584905660377,1.7370114e-05
1.0,0.03775680177679067,1.737477e-05
1.0,0.03777777777777778,1.7396342e-05
1.0,0.03779877709838799,1.7858212e-05
1.0,0.03781979977753059,1.8217757e-05
1.0,0.037840845854201444,1.8247578e-05
1.0,0.0378619153674833,1.8292933e-05
1.0,0.03788300835654596,1.829438e-05
1.0,0.0379041248606466,1.831227e-05
1.0,0.03792526491912995,1.8386765e-05
1.0,0.03794642857142857,1.8535215e-05
1.0,0.03796761585706309,1.8538396e-05
1.0,0.03798882681564246,1.8606072e-05
1.0,0.03801006148686417,1.8669756e-05
1.0,0.03803131991051454,1.8849012e-05
1.0,0.038052602126468944,1.8863182e-05
1.0,0.03807390817469205,1.9120509e-05
1.0,0.0380952380952381,1.912257e-05
1.0,0.03811659192825112,1.9129848e-05
1.0,0.03813796971396523,1.9218514e-05
1.0,0.038159371492704826,1.921877e-05
1.0,0.0381807973048849,1.9364203e-05
1.0,0.038202247191011236,1.9537974e-05
1.0,0.03822372119168072,1.965633e-05
1.0,0.03824521934758155,1.9696317e-05
1.0,0.038266741699493526,1.9791498e-05
1.0,0.038288288288288286,2.042959e-05
1.0,0.03830985915492958,2.0456475e-05
1.0,0.038331454340473504,2.0468202e-05
1.0,0.03835307388606881,2.0523928e-05
1.0,0.03837471783295711,2.0855856e-05
1.0,0.038396386222473176,2.0992304e-05
1.0,0.0384180790960452,2.099675e-05
1.0,0.03843979649519502,2.1016422e-05
1.0,0.038461538461538464,2.1218735e-05
1.0,0.038483305036785515,2.1286834e-05
1.0,0.03850509626274066,2.1295566e-05
1.0,0.038526912181303115,2.134316e-05
1.0,0.03854875283446712,2.157994e-05
1.0,0.038570618264322176,2.159989e-05
1.0,0.03859250851305335,2.1609285e-05
1.0,0.03861442362294151,2.1622189e-05
1.0,0.038636363636363635,2.1704662e-05
1.0,0.038658328595793066,2.185158e-05
1.0,0.038680318543799774,2.1927483e-05
1.0,0.03870233352305066,2.19675e-05
1.0,0.0387243735763098,2.197716e-05
1.0,0.038746438746438745,2.2069993e-05
1.0,0.03876852907639681,2.226471e-05
1.0,0.0387906446092413,2.2863574e-05
1.0,0.03881278538812785,2.2965012e-05
1.0,0.038834951456310676,2.2969482e-05
1.0,0.038857142857142854,2.3185023e-05
1.0,0.03887935963407661,2.3192453e-05
1.0,0.038901601830663615,2.32071e-05
1.0,0.038923869490555235,2.3252825e-05
1.0,0.038946162657502864,2.353138e-05
1.0,0.03896848137535817,2.4051018e-05
1.0,0.0389908256880734,2.4175675e-05
1.0,0.03901319563970167,2.4216426e-05
1.0,0.03903559127439724,2.4309536e-05
1.0,0.039058012636415854,2.4376555e-05
1.0,0.03908045977011494,2.4407354e-05
1.0,0.039102932719954,2.455872e-05
1.0,0.039125431530494824,2.4624575e-05
1.0,0.03914795624640184,2.4661917e-05
1.0,0.03917050691244239,2.4863919e-05
1.0,0.03919308357348703,2.4957995e-05
1.0,0.0392156862745098,2.5098816e-05
1.0,0.03923831506058857,2.5210438e-05
1.0,0.03926096997690531,2.564881e-05
1.0,0.039283651068746386,2.5658768e-05
1.0,0.03930635838150289,2.5774869e-05
1.0,0.03932909196067091,2.6113277e-05
1.0,0.03935185185185185,2.6253483e-05
1.0,0.03937463810075275,2.6311633e-05
1.0,0.039397450753186555,2.6425798e-05
1.0,0.03942028985507246,2.6557675e-05
1.0,0.03944315545243619,2.682489e-05
1.0,0.03946604759141033,2.685745e-05
1.0,0.03948896631823461,2.7038703e-05
1.0,0.039511911679256245,2.704283e-05
1.0,0.03953488372093023,2.7084148e-05
1.0,0.03955788248981966,2.7146805e-05
1.0,0.03958090803259604,2.724796e-05
1.0,0.039603960396039604,2.737232e-05
1.0,0.039627039627039624,2.7400762e-05
1.0,0.03965014577259475,2.7429545e-05
1.0,0.039673278879813305,2.7610315e-05
1.0,0.0396964389959136,2.7993157e-05
1.0,0.0397196261682243,2.8134064e-05
1.0,0.03974284044418469,2.8158222e-05
1.0,0.03976608187134503,2.818154e-05
1.0,0.03978935049736688,2.8303037e-05
1.0,0.03981264637002342,2.8374381e-05
1.0,0.03983596953719976,2.8410963e-05
1.0,0.03985932004689332,2.8790075e-05
1.0,0.03988269794721408,2.8835524e-05
1.0,0.03990610328638498,2.8914443e-05
1.0,0.03992953611274222,2.9391622e-05
1.0,0.0399529964747356,2.9825858e-05
1.0,0.03997648442092887,3.0161144e-05
1.0,0.04,3.0233248e-05
1.0,0.04002354326074161,3.0436007e-05
1.0,0.04004711425206125,3.0710777e-05
1.0,0.040070713022981735,3.0734507e-05
1.0,0.04009433962264151,3.0779265e-05
1.0,0.040117994100294985,3.0987667e-05
1.0,0.04014167650531287,3.1112744e-05
1.0,0.04016538688718252,3.13844e-05
1.0,0.04018912529550828,3.14165e-05
1.0,0.04021289178001183,3.150753e-05
1.0,0.040236686390532544,3.1683707e-05
1.0,0.04026050917702783,3.1686755e-05
1.0,0.04028436018957346,3.1819327e-05
1.0,0.04030823947836396,3.2051546e-05
1.0,0.04033214709371293,3.22426e-05
1.0,0.040356083086053415,3.2354037e-05
1.0,0.040380047505938245,3.2370426e-05
1.0,0.04040404040404041,3.2671156e-05
1.0,0.04042806183115339,3.3087737e-05
1.0,0.04045211183819155,3.3278175e-05
1.0,0.04047619047619048,3.3429485e-05
1.0,0.04050029779630732,3.3600925e-05
1.0,0.04052443384982122,3.3739638e-05
1.0,0.04054859868813357,3.3748744e-05
1.0,0.0405727923627685,3.4038057e-05
1.0,0.04059701492537313,3.41046e-05
1.0,0.04062126642771804,3.4118686e-05
1.0,0.04064554692169755,3.4164335e-05
1.0,0.04066985645933014,3.4253233e-05
1.0,0.040694195092758824,3.427274e-05
1.0,0.0407185628742515,3.4291115e-05
1.0,0.04074295985620132,3.433987e-05
1.0,0.0407673860911271,3.438424e-05
1.0,0.04079184163167367,3.4455075e-05
1.0,0.04081632653061224,3.4478213e-05
1.0,0.04084084084084084,3.4611538e-05
1.0,0.040865384615384616,3.468241e-05
1.0,0.040889957907396274,3.4755118e-05
1.0,0.04091456077015644,3.483263e-05
1.0,0.040939193257074055,3.5027595e-05
1.0,0.04096385542168675,3.5105346e-05
1.0,0.040988547317661245,3.51379e-05
1.0,0.04101326899879373,3.52768e-05
1.0,0.04103802051901026,3.5305005e-05
1.0,0.04106280193236715,3.5333906e-05
1.0,0.04108761329305136,3.569728e-05
1.0,0.041112454655380895,3.5943332e-05
1.0,0.0411373260738052,3.6590758e-05
1.0,0.04116222760290557,3.67188e-05
1.0,0.04118715929739552,3.6743426e-05
1.0,0.041212121212121214,3.685998e-05
1.0,0.041237113402061855,3.6871792e-05
1.0,0.0412621359223301,3.7362053e-05
1.0,0.041287188828172436,3.7375314e-05
1.0,0.041312272174969626,3.765526e-05
1.0,0.04133738601823708,3.766898e-05
1.0,0.0413625304136253,3.7728154e-05
1.0,0.041387705416920266,3.7752267e-05
1.0,0.04141291108404385,3.780584e-05
1.0,0.04143814747105423,3.7817885e-05
1.0,0.041463414634146344,3.8075355e-05
1.0,0.04148871262965223,3.9084298e-05
1.0,0.04151404151404151,3.920689e-05
1.0,0.04153940134392181,3.926837e-05
1.0,0.04156479217603912,3.941525e-05
1.0,0.04159021406727829,3.945831e-05
1.0,0.0416156670746634,3.951359e-05
1.0,0.041641151255358236,3.9708353e-05
1.0,0.041666666666666664,3.9726005e-05
1.0,0.041692213366033105,3.9770166e-05
1.0,0.04171779141104295,3.9853006e-05
1.0,0.041743400859422956,3.9858554e-05
1.0,0.04176904176904177,3.9878516e-05
1.0,0.04179471419791026,3.9937735e-05
1.0,0.041820418204182044,4.0078405e-05
1.0,0.041846153846153845,4.0126513e-05
1.0,0.04187192118226601,4.0487485e-05
1.0,0.041897720271102896,4.0837756e-05
1.0,0.04192355117139334,4.0899922e-05
1.0,0.041949413942011106,4.1022147e-05
1.0,0.04197530864197531,4.1088468e-05
1.0,0.042001235330450894,4.1267733e-05
1.0,0.042027194066749075,4.135444e-05
1.0,0.042053184910327765,4.1436946e-05
1.0,0.04207920792079208,4.145817e-05
1.0,0.042105263157894736,4.1841457e-05
1.0,0.042131350681536554,4.1926734e-05
1.0,0.04215747055176689,4.2028452e-05
1.0,0.04218362282878412,4.2437965e-05
1.0,0.04220980757293606,4.2524538e-05
1.0,0.0422360248447205,4.2634903e-05
1.0,0.04226227470478558,4.2684333e-05
1.0,0.04228855721393035,4.2883807e-05
1.0,0.042314872433105166,4.3378484e-05
1.0,0.04234122042341221,4.3534306e-05
1.0,0.04236760124610592,4.390763e-05
1.0,0.04239401496259352,4.4029726e-05
1.0,0.042420461634435434,4.4383465e-05
1.0,0.04244694132334582,4.4445726e-05
1.0,0.042473454091193005,4.4458273e-05
1.0,0.0425,4.4946806e-05
1.0,0.04252657911194497,4.5096258e-05
1.0,0.0425531914893617,4.5133816e-05
1.0,0.042579837194740136,4.548371e-05
1.0,0.042606516290726815,4.550133e-05
1.0,0.042633228840125395,4.5595454e-05
1.0,0.04265997490589712,4.5898432e-05
1.0,0.04268675455116133,4.6568628e-05
1.0,0.04271356783919598,4.689694e-05
1.0,0.04274041483343809,4.7015157e-05
1.0,0.042767295597484274,4.721208e-05
1.0,0.042794210195091255,4.7643603e-05
1.0,0.042821158690176324,4.7645328e-05
1.0,0.0428481411468179,4.7673282e-05
1.0,0.04287515762925599,4.8307254e-05
1.0,0.04290220820189274,4.837922e-05
1.0,0.04292929292929293,4.8610404e-05
1.0,0.04295641187618446,4.8899732e-05
1.0,0.04298356510745891,4.9081096e-05
1.0,0.043010752688172046,4.9103757e-05
1.0,0.043037974683544304,4.9369602e-05
1.0,0.04306523115896137,4.957005e-05
1.0,0.043092522179974654,4.9612947e-05
1.0,0.04311984781230184,4.964925e-05
1.0,0.04314720812182741,4.965905e-05
1.0,0.04317460317460318,4.990915e-05
1.0,0.043202033036848796,4.9933427e-05
1.0,0.04322949777495232,5.0379636e-05
1.0,0.043256997455470736,5.0595234e-05
1.0,0.04328453214513049,5.077422e-05
1.0,0.04331210191082802,5.096749e-05
1.0,0.043339706819630335,5.1385683e-05
1.0,0.04336734693877551,5.1584182e-05
1.0,0.04339502233567326,5.1620005e-05
1.0,0.04342273307790549,5.234134e-05
1.0,0.043450479233226834,5.2489595e-05
1.0,0.043478260869565216,5.274007e-05
1.0,0.04350607805502239,5.2824173e-05
1.0,0.04353393085787452,5.284423e-05
1.0,0.04356181934657271,5.3204196e-05
1.0,0.04358974358974359,5.3358206e-05
1.0,0.04361770365618987,5.341054e-05
1.0,0.043645699614890884,5.3651336e-05
1.0,0.04367373153500321,5.4170425e-05
1.0,0.043701799485861184,5.4819386e-05
1.0,0.04372990353697749,5.489309e-05
1.0,0.043758043758043756,5.5271343e-05
1.0,0.0437862202189311,5.559295e-05
1.0,0.04381443298969072,5.5612356e-05
1.0,0.04384268214055448,5.569154e-05
1.0,0.04387096774193548,5.5781577e-05
1.0,0.04389928986442866,5.5794346e-05
1.0,0.04392764857881137,5.5797696e-05
1.0,0.04395604395604396,5.580568e-05
1.0,0.04398447606727038,5.6076147e-05
1.0,0.04401294498381877,5.6135963e-05
1.0,0.04404145077720207,5.650817e-05
1.0,0.0440699935191186,5.6743014e-05
1.0,0.04409857328145266,5.675216e-05
1.0,0.04412719013627515,5.72652e-05
1.0,0.04415584415584416,5.7756864e-05
1.0,0.044184535412605586,5.7977762e-05
1.0,0.044213263979193757,5.8086727e-05
1.0,0.04424202992843201,5.8118258e-05
1.0,0.044270833333333336,5.8227764e-05
1.0,0.04429967426710098,5.895608e-05
1.0,0.04432855280312908,5.8990776e-05
1.0,0.04435746901500326,5.9034614e-05
1.0,0.044386422976501305,5.9100064e-05
1.0,0.04441541476159373,5.9157464e-05
1.0,0.044444444444444446,5.936198e-05
1.0,0.04447351209941138,6.0231396e-05
1.0,0.04450261780104712,6.036739e-05
1.0,0.04453176162409954,6.0411334e-05
1.0,0.04456094364351245,6.0475253e-05
1.0,0.04459016393442623,6.0837927e-05
1.0,0.04461942257217848,6.135091e-05
1.0,0.04464871963230466,6.137139e-05
1.0,0.04467805519053877,6.1452854e-05
1.0,0.044707429322813935,6.158626e-05
1.0,0.04473684210526316,6.160335e-05
1.0,0.04476629361421988,6.167283e-05
1.0,0.04479578392621871,6.177395e-05
1.0,0.04482531311799604,6.1791805e-05
1.0,0.044854881266490766,6.2133746e-05
1.0,0.044884488448844885,6.219623e-05
1.0,0.04491413474240423,6.350541e-05
1.0,0.0449438202247191,6.365693e-05
1.0,0.04497354497354497,6.416718e-05
1.0,0.04500330906684315,6.517754e-05
1.0,0.045033112582781455,6.559042e-05
1.0,0.04506295559973492,6.565708e-05
1.0,0.04509283819628647,6.638607e-05
1.0,0.0451227604512276,6.64953e-05
1.0,0.0451527224435591,6.651274e-05
1.0,0.045182724252491695,6.6606866e-05
1.0,0.04521276595744681,6.674121e-05
1.0,0.04524284763805722,6.675439e-05
1.0,0.045272969374167776,6.6859575e-05
1.0,0.04530313124583611,6.697539e-05
1.0,0.04533333333333334,6.719424e-05
1.0,0.04536357571714476,6.7292414e-05
1.0,0.04539385847797063,6.742242e-05
1.0,0.04542418169672679,6.7446024e-05
1.0,0.045454545454545456,6.750696e-05
1.0,0.04548494983277592,6.796532e-05
1.0,0.04551539491298527,6.826092e-05
1.0,0.04554588077695914,6.863781e-05
1.0,0.045576407506702415,6.866688e-05
1.0,0.04560697518443997,6.919385e-05
1.0,0.04563758389261745,6.928682e-05
1.0,0.04566823371390195,6.968426e-05
1.0,0.0456989247311828,6.979113e-05
1.0,0.04572965702757229,6.980744e-05
1.0,0.04576043068640646,6.995737e-05
1.0,0.04579124579124579,7.0055175e-05
1.0,0.04582210242587601,7.015137e-05
1.0,0.045853000674308836,7.0224065e-05
1.0,0.04588394062078273,7.0756105e-05
1.0,0.04591492234976367,7.0999966e-05
1.0,0.04594594594594595,7.1003764e-05
1.0,0.04597701149425287,7.1965325e-05
1.0,0.046008119079837616,7.2457886e-05
1.0,0.046039268788083954,7.275929e-05
1.0,0.04607046070460705,7.276928e-05
1.0,0.04610169491525424,7.288505e-05
1.0,0.04613297150610583,7.308396e-05
1.0,0.0461642905634759,7.379605e-05
1.0,0.04619565217391304,7.3860254e-05
1.0,0.046227056424201225,7.3944335e-05
1.0,0.04625850340136054,7.4041425e-05
1.0,0.04628999319264806,7.417435e-05
1.0,0.04632152588555858,7.467633e-05
1.0,0.046353101567825496,7.4851865e-05
1.0,0.04638472032742155,7.488271e-05
1.0,0.04641638225255973,7.496988e-05
1.0,0.04644808743169399,7.512768e-05
1.0,0.04647983595352016,7.517355e-05
1.0,0.046511627906976744,7.532244e-05
1.0,0.04654346338124572,7.536088e-05
1.0,0.04657534246575343,7.540127e-05
1.0,0.04660726525017135,7.5474076e-05
1.0,0.04663923182441701,7.571817e-05
1.0,0.04667124227865477,7.608071e-05
1.0,0.046703296703296704,7.627067e-05
1.0,0.04673539518900344,7.6418095e-05
1.0,0.04676753782668501,7.689154e-05
1.0,0.04679972470750172,7.690284e-05
1.0,0.046831955922865015,7.7023054e-05
1.0,0.04686423156443832,7.73838e-05
1.0,0.04689655172413793,7.7385426e-05
1.0,0.04692891649413389,7.751341e-05
1.0,0.04696132596685083,7.753663e-05
1.0,0.046993780234968904,7.754476e-05
1.0,0.04702627939142462,7.757316e-05
1.0,0.047058823529411764,7.800712e-05
1.0,0.04709141274238227,7.801285e-05
1.0,0.04712404712404712,7.8062556e-05
1.0,0.047156726768377254,7.8425626e-05
1.0,0.04718945176960444,7.850464e-05
1.0,0.04722222222222222,7.913057e-05
1.0,0.0472550382209868,7.928632e-05
1.0,0.04728789986091794,7.933533e-05
1.0,0.04732080723729993,7.9361285e-05
1.0,0.04735376044568245,7.9532736e-05
1.0,0.047386759581881537,8.003571e-05
1.0,0.04741980474198047,8.033269e-05
1.0,0.04745289602233078,8.046471e-05
1.0,0.04748603351955307,8.070109e-05
1.0,0.047519217330538085,8.126715e-05
1.0,0.04755244755244755,8.142058e-05
1.0,0.04758572428271519,8.188996e-05
1.0,0.047619047619047616,8.2221726e-05
1.0,0.04765241765942537,8.23867e-05
1.0,0.047685834502103785,8.291073e-05
1.0,0.047719298245614036,8.304034e-05
1.0,0.047752808988764044,8.309428e-05
1.0,0.04778636683063949,8.320053e-05
1.0,0.04781997187060478,8.338361e-05
1.0,0.04785362420830401,8.373453e-05
1.0,0.04788732394366197,8.380914e-05
1.0,0.04792107117688513,8.398162e-05
1.0,0.047954866008462625,8.428481e-05
1.0,0.04798870853916726,8.437302e-05
1.0,0.0480225988700565,8.442413e-05
1.0,0.0480565371024735,8.4975785e-05
1.0,0.04809052333804809,8.522435e-05
1.0,0.048124557678697805,8.575816e-05
1.0,0.04815864022662889,8.579522e-05
1.0,0.04819277108433735,8.616146e-05
1.0,0.04822695035460993,8.6228116e-05
1.0,0.0482611781405252,8.640995e-05
1.0,0.048295454545454544,8.649643e-05
1.0,0.048329779673063254,8.665874e-05
1.0,0.04836415362731152,8.676417e-05
1.0,0.048398576512455514,8.727741e-05
1.0,0.04843304843304843,8.7334025e-05
1.0,0.048467569493941556,8.7766566e-05
1.0,0.04850213980028531,8.815081e-05
1.0,0.04853675945753034,8.843842e-05
1.0,0.04857142857142857,8.869356e-05
1.0,0.04860614724803431,8.876972e-05
1.0,0.04864091559370529,8.944865e-05
1.0,0.048675733715103794,9.016519e-05
1.0,0.04871060171919771,9.0302514e-05
1.0,0.04874551971326165,9.044972e-05
1.0,0.04878048780487805,9.046257e-05
1.0,0.048815506101938265,9.048448e-05
1.0,0.04885057471264368,9.051227e-05
1.0,0.04888569374550683,9.066111e-05
1.0,0.04892086330935252,9.068999e-05
1.0,0.04895608351331893,9.124681e-05
1.0,0.04899135446685879,9.152847e-05
1.0,0.049026676279740444,9.153894e-05
1.0,0.049062049062049064,9.155081e-05
1.0,0.04909747292418772,9.218893e-05
1.0,0.049132947976878616,9.2761155e-05
1.0,0.049168474331164135,9.300969e-05
1.0,0.049204052098408106,9.3061055e-05
1.0,0.049239681390296886,9.3146904e-05
1.0,0.04927536231884058,9.314869e-05
1.0,0.049311094996374184,9.3354276e-05
1.0,0.04934687953555878,9.3492716e-05
1.0,0.04938271604938271,9.397601e-05
1.0,0.04941860465116279,9.40211e-05
1.0,0.04945454545454545,9.450866e-05
1.0,0.049490538573508006,9.5028015e-05
1.0,0.049526584122359794,9.5365525e-05
1.0,0.04956268221574344,9.6960415e-05
1.0,0.049598832968636035,9.724821e-05
1.0,0.049635036496350364,9.749603e-05
1.0,0.04967129291453616,9.806059e-05
1.0,0.049707602339181284,9.8333825e-05
1.0,0.04974396488661302,9.8660785e-05
1.0,0.04978038067349927,9.897381e-05
1.0,0.04981684981684982,9.9251774e-05
1.0,0.04985337243401759,9.926257e-05
1.0,0.049889948642699924,9.9382e-05
1.0,0.049926578560939794,9.9482786e-05
1.0,0.04996326230712711,9.96363e-05
1.0,0.05,9.993614e-05
1.0,0.05003679175864607,0.00010034455
1.0,0.050073637702503684,0.00010040619
1.0,0.050110537951363304,0.00010069345
1.0,0.05014749262536873,0.00010133682
1.0,0.05018450184501845,0.00010229409
1.0,0.050221565731166914,0.00010249211
1.0,0.05025868440502587,0.00010272293
1.0,0.05029585798816568,0.000102739585
1.0,0.050333086602516654,0.00010300091
1.0,0.05037037037037037,0.000103428756
1.0,0.050407709414381024,0.00010370192
1.0,0.050445103857566766,0.00010373248
1.0,0.050482553823311065,0.0001040996
1.0,0.05052005943536404,0.000104267405
1.0,0.05055762081784387,0.00010529916
1.0,0.050595238095238096,0.000105987805
1.0,0.05063291139240506,0.000106622174
1.0,0.05067064083457526,0.00010735039
1.0,0.05070842654735272,0.0001075669
1.0,0.050746268656716415,0.00010833276
1.0,0.05078416728902166,0.00010865233
1.0,0.05082212257100149,0.00010868362
1.0,0.050860134629768135,0.00010870113
1.0,0.05089820359281437,0.00010885247
1.0,0.05093632958801498,0.00011018934
1.0,0.050974512743628186,0.00011039727
0.9852941176470589,0.05026256564141035,0.000110906905
0.9852941176470589,0.0503003003003003,0.000111360256
0.9852941176470589,0.05033809166040571,0.0001126528
0.9852941176470589,0.05037593984962406,0.000112761896
0.9852941176470589,0.05041384499623777,0.00011297025
0.9852941176470589,0.050451807228915665,0.00011353885
0.9852941176470589,0.050489826676714394,0.000113922004
0.9852941176470589,0.05052790346907994,0.000114483046
0.9852941176470589,0.050566037735849056,0.00011449244
0.9852941176470589,0.05060422960725076,0.00011515453
0.9852941176470589,0.050642479213907785,0.000115227245
0.9852941176470589,0.05068078668683813,0.0001158485
0.9852941176470589,0.050719152157456475,0.000115879
0.9852941176470589,0.05075757575757576,0.00011623624
0.9852941176470589,0.05079605761940864,0.00011633471
0.9852941176470589,0.05083459787556904,0.00011683085
0.9852941176470589,0.05087319665907365,0.00011692135
0.9852941176470589,0.050911854103343465,0.00011707263
0.9852941176470589,0.05095057034220532,0.00011736012
0.9852941176470589,0.05098934550989345,0.000117511954
0.9852941176470589,0.051028179741051026,0.00011760142
0.9852941176470589,0.051067073170731704,0.000117677584
0.9852941176470589,0.05110602593440122,0.000117765136
0.9852941176470589,0.05114503816793893,0.00011802967
0.9852941176470589,0.05118411000763942,0.00011837288
0.9852941176470589,0.05122324159021407,0.00011868834
0.9852941176470589,0.051262433052792655,0.000118712334
0.9852941176470589,0.05130168453292496,0.00011897671
0.9852941176470589,0.05134099616858238,0.00011910374
0.9852941176470589,0.05138036809815951,0.00011921896
0.9852941176470589,0.051419800460475826,0.00012105829
0.9852941176470589,0.05145929339477726,0.00012132952
0.9852941176470589,0.05149884704073789,0.00012206513
0.9852941176470589,0.05153846153846154,0.0001223083
0.9852941176470589,0.05157813702848345,0.00012274912
0.9852941176470589,0.05161787365177196,0.00012320587
0.9852941176470589,0.051657671549730146,0.00012331225
0.9852941176470589,0.05169753086419753,0.00012598565
0.9852941176470589,0.051737451737451735,0.00012606918
0.9852941176470589,0.0517774343122102,0.00012639898
0.9852941176470589,0.051817478731631866,0.00012649823
0.9852941176470589,0.05185758513931889,0.00012673813
0.9852941176470589,0.051897753679318356,0.00012678176
0.9852941176470589,0.05193798449612403,0.00012678611
0.9852941176470589,0.051978277734678044,0.00012751466
0.9852941176470589,0.05201863354037267,0.00012757146
0.9852941176470589,0.052059052059052056,0.00012792436
0.9852941176470589,0.052099533437014,0.00012867872
0.9852941176470589,0.052140077821011675,0.00012936805
0.9852941176470589,0.05218068535825545,0.0001293804
0.9852941176470589,0.05222135619641465,0.00012943259
0.9852941176470589,0.05226209048361934,0.00012948852
0.9852941176470589,0.05230288836846214,0.00012949987
0.9852941176470589,0.05234375,0.00012957954
0.9852941176470589,0.05238467552775606,0.00013095485
0.9852941176470589,0.05242566510172144,0.00013104154
0.9852941176470589,0.052466718872357085,0.00013195338
0.9852941176470589,0.052507836990595615,0.0001322388
0.9852941176470589,0.05254901960784314,0.00013228734
0.9852941176470589,0.05259026687598116,0.00013245105
0.9852941176470589,0.05263157894736842,0.00013289854
0.9852941176470589,0.05267295597484277,0.00013298511
0.9852941176470589,0.05271439811172305,0.00013316072
0.9852941176470589,0.05275590551181102,0.00013328268
0.9852941176470589,0.05279747832939322,0.00013365137
0.9852941176470589,0.0528391167192429,0.00013371384
0.9852941176470589,0.05288082083662194,0.0001337711
0.9852941176470589,0.05292259083728278,0.00013385392
0.9852941176470589,0.052964426877470355,0.00013419166
0.9852941176470589,0.05300632911392405,0.00013442156
0.9852941176470589,0.05304829770387965,0.00013457096
0.9852941176470589,0.05309033280507131,0.00013479931
0.9852941176470589,0.05313243457573354,0.00013508587
0.9852941176470589,0.05317460317460317,0.00013556796
0.9852941176470589,0.05321683876092136,0.00013621754
0.9852941176470589,0.05325914149443561,0.00013639197
0.9852941176470589,0.053301511535401754,0.00013742238
0.9852941176470589,0.05334394904458599,0.00013743194
0.9852941176470589,0.05338645418326693,0.00013811546
0.9852941176470589,0.05342902711323764,0.00013824551
0.9852941176470589,0.053471667996807665,0.0001382674
0.9852941176470589,0.05351437699680511,0.0001384463
0.9852941176470589,0.053557154276578735,0.00013915346
0.9852941176470589,0.0536,0.0001395429
0.9852941176470589,0.053642914331465175,0.00014008711
0.9852941176470589,0.05368589743589743,0.00014086993
0.9852941176470589,0.053728949478749,0.00014119699
0.9852941176470589,0.05377207062600321,0.00014163766
0.9852941176470589,0.05381526104417671,0.00014189004
0.9852941176470589,0.053858520900321546,0.0001424309
0.9852941176470589,0.053901850362027354,0.00014264484
0.9852941176470589,0.05394524959742351,0.00014319704
0.9852941176470589,0.053988718775181306,0.00014510873
0.9852941176470589,0.05403225806451613,0.00014523775
0.9852941176470589,0.05407586763518967,0.00014563813
0.9852941176470589,0.05411954765751212,0.00014576789
0.9852941176470589,0.054163298302344384,0.00014597166
0.9852941176470589,0.054207119741100325,0.0001471224
0.9852941176470589,0.05425101214574899,0.0001472014
0.9852941176470589,0.05429497568881685,0.00014732567
0.9852941176470589,0.054339010543390104,0.0001484303
0.9852941176470589,0.05438311688311688,0.00014846584
0.9852941176470589,0.054427294882209584,0.00014868104
0.9852941176470589,0.05447154471544716,0.00015040555
0.9852941176470589,0.05451586655817738,0.00015070099
0.9852941176470589,0.05456026058631922,0.00015095511
0.9852941176470589,0.05460472697636512,0.00015168883
0.9852941176470589,0.05464926590538336,0.0001518583
0.9852941176470589,0.054693877551020405,0.00015213077
0.9852941176470589,0.05473856209150327,0.00015216487
0.9852941176470589,0.05478331970564186,0.00015297708
0.9852941176470589,0.05482815057283143,0.00015312798
0.9852941176470589,0.054873054873054876,0.00015348232
0.9852941176470589,0.05491803278688524,0.00015393241
0.9852941176470589,0.054963084495488104,0.00015412526
0.9852941176470589,0.055008210180623976,0.00015427568
0.9852941176470589,0.05505341002465078,0.00015438473
0.9852941176470589,0.055098684210526314,0.00015443773
0.9852941176470589,0.0551440329218107,0.00015484956
0.9852941176470589,0.05518945634266886,0.0001551783
0.9852941176470589,0.055234954657873044,0.00015524654
0.9852941176470589,0.05528052805280528,0.00015610034
0.9852941176470589,0.05532617671345995,0.00015768732
0.9852941176470589,0.05537190082644628,0.0001583527
0.9852941176470589,0.055417700578990904,0.00015929344
0.9852941176470589,0.055463576158940396,0.00015929983
0.9852941176470589,0.05550952775476388,0.00015995676
0.9852941176470589,0.05555555555555555,0.00016135152
0.9852941176470589,0.05560165975103734,0.00016204195
0.9852941176470589,0.05564784053156146,0.00016247066
0.9852941176470589,0.05569409808811305,0.00016315996
0.9852941176470589,0.05574043261231281,0.00016457793
0.9852941176470589,0.05578684429641965,0.00016596487
0.9852941176470589,0.05583333333333333,0.00016691502
0.9852941176470589,0.05587989991659716,0.00016758432
0.9852941176470589,0.055926544240400666,0.00016861544
0.9852941176470589,0.055973266499582286,0.0001687446
0.9852941176470589,0.056020066889632104,0.00016906156
0.9852941176470589,0.05606694560669456,0.00016914154
0.9852941176470589,0.05611390284757119,0.00016962411
0.9852941176470589,0.056160938809723386,0.00016981637
0.9852941176470589,0.05620805369127517,0.00017056333
0.9852941176470589,0.056255247691015954,0.00017099649
0.9852941176470589,0.05630252100840336,0.0001713002
0.9852941176470589,0.056349873843566024,0.00017139429
0.9852941176470589,0.0563973063973064,0.00017180826
0.9852941176470589,0.05644481887110362,0.00017335874
0.9852941176470589,0.05649241146711636,0.00017362821
0.9852941176470589,0.056540084388185655,0.00017378756
0.9852941176470589,0.056587837837837836,0.00017404361
0.9852941176470589,0.0566356720202874,0.00017524541
0.9852941176470589,0.05668358714043993,0.00017543432
0.9852941176470589,0.056731583403895,0.00017735103
0.9852941176470589,0.05677966101694915,0.00017771294
0.9852941176470589,0.056827820186598814,0.00017957162
0.9852941176470589,0.056876061120543296,0.0001796785
0.9852941176470589,0.05692438402718777,0.00018009031
0.9852941176470589,0.05697278911564626,0.00018106763
0.9852941176470589,0.05702127659574468,0.00018192061
0.9852941176470589,0.05706984667802385,0.00018274572
0.9852941176470589,0.05711849957374254,0.00018278336
0.9852941176470589,0.05716723549488054,0.00018286599
0.9852941176470589,0.05721605465414176,0.0001830799
0.9852941176470589,0.05726495726495726,0.00018397428
0.9852941176470589,0.05731394354148845,0.00018401463
0.9852941176470589,0.05736301369863014,0.00018407885
0.9852941176470589,0.05741216795201371,0.00018535525
0.9852941176470589,0.057461406518010294,0.00018566973
0.9852941176470589,0.05751072961373391,0.00018596936
0.9852941176470589,0.05756013745704467,0.00018654743
0.9852941176470589,0.05760963026655202,0.00018661433
0.9852941176470589,0.0576592082616179,0.00018691581
0.9852941176470589,0.05770887166236004,0.00018784883
0.9852941176470589,0.05775862068965517,0.00018932203
0.9852941176470589,0.057808455565142365,0.00018986165
0.9852941176470589,0.05785837651122625,0.00018990527
0.9852941176470589,0.05790838375108038,0.0001902763
0.9852941176470589,0.05795847750865052,0.00019066586
0.9852941176470589,0.05800865800865801,0.00019084755
0.9852941176470589,0.05805892547660312,0.00019228781
0.9852941176470589,0.058109280138768434,0.00019232523
0.9852941176470589,0.058159722222222224,0.00019255055
0.9852941176470589,0.05821025195482189,0.00019273754
0.9852941176470589,0.058260869565217394,0.0001933184
0.9852941176470589,0.058311575282854654,0.00019334955
0.9852941176470589,0.05836236933797909,0.00019362997
0.9852941176470589,0.05841325196163906,0.00019523228
0.9852941176470589,0.05846422338568935,0.00019527173
0.9852941176470589,0.05851528384279476,0.00019536597
0.9852941176470589,0.05856643356643357,0.00019538518
0.9852941176470589,0.05861767279090114,0.0001956221
0.9852941176470589,0.05866900175131348,0.00019675102
0.9852941176470589,0.058720420683610865,0.00019811638
0.9852941176470589,0.058771929824561406,0.0001988994
0.9852941176470589,0.058823529411764705,0.00019953308
0.9852941176470589,0.058875219683655534,0.00019965925
0.9852941176470589,0.058927000879507474,0.00020042679
0.9852941176470589,0.05897887323943662,0.00020133697
0.9852941176470589,0.059030837004405284,0.00020155824
0.9852941176470589,0.059082892416225746,0.00020172955
0.9852941176470589,0.05913503971756399,0.0002020356
0.9852941176470589,0.05918727915194346,0.00020363386
0.9852941176470589,0.0592396109637489,0.00020419147
0.9852941176470589,0.05929203539823009,0.00020629595
0.9852941176470589,0.05934455270150576,0.00020673861
0.9852941176470589,0.05939716312056738,0.00020792849
0.9852941176470589,0.05944986690328305,0.00020849149
0.9852941176470589,0.05950266429840142,0.0002091316
0.9852941176470589,0.059555555555555556,0.00020966228
0.9852941176470589,0.059608540925266906,0.00021135468
0.9852941176470589,0.05966162065894924,0.00021190757
0.9852941176470589,0.059714795008912656,0.00021209092
0.9852941176470589,0.05976806422836753,0.00021328028
0.9852941176470589,0.059821428571428574,0.00021339254
0.9852941176470589,0.05987488829311886,0.00021393914
0.9852941176470589,0.05992844364937388,0.00021428967
0.9852941176470589,0.05998209489704566,0.00021454133
0.9852941176470589,0.06003584229390681,0.00021556062
0.9852941176470589,0.060089686098654706,0.00021563483
0.9852941176470589,0.06014362657091562,0.0002158788
0.9852941176470589,0.06019766397124888,0.00021619376
0.9852941176470589,0.06025179856115108,0.00021845462
0.9852941176470589,0.06030603060306031,0.00021876353
0.9852941176470589,0.06036036036036036,0.00022069702
0.9852941176470589,0.060414788097385035,0.00022377366
0.9852941176470589,0.06046931407942238,0.00022457798
0.9852941176470589,0.06052393857271906,0.00022499998
0.9852941176470589,0.06057866184448463,0.00022551438
0.9852941176470589,0.06063348416289593,0.0002285117
0.9852941176470589,0.06068840579710145,0.00022861607
0.9852941176470589,0.06074342701722575,0.00022870656
0.9852941176470589,0.060798548094373864,0.00022871156
0.9852941176470589,0.06085376930063579,0.00022938049
0.9852941176470589,0.060909090909090906,0.00023173059
0.9852941176470589,0.060964513193812554,0.00023182429
0.9852941176470589,0.0610200364298725,0.00023211604
0.9852941176470589,0.061075660893345485,0.00023235561
0.9852941176470589,0.06113138686131387,0.00023284173
0.9852941176470589,0.06118721461187215,0.00023287859
0.9852941176470589,0.061243144424131625,0.00023301497
0.9852941176470589,0.06129917657822507,0.00023488463
0.9852941176470589,0.06135531135531135,0.00023540187
0.9852941176470589,0.0614115490375802,0.00023570617
0.9852941176470589,0.061467889908256884,0.0002360746
0.9852941176470589,0.06152433425160698,0.00023675282
0.9852941176470589,0.06158088235294118,0.00023786945
0.9852941176470589,0.061637534498620056,0.0002383771
0.9852941176470589,0.061694290976058934,0.00023840164
0.9852941176470589,0.06175115207373272,0.00023939797
0.9852941176470589,0.061808118081180814,0.00023993517
0.9852941176470589,0.061865189289012,0.00024101784
0.9852941176470589,0.06192236598890943,0.00024190833
0.9852941176470589,0.061979648473635525,0.00024245719
0.9852941176470589,0.062037037037037036,0.0002426022
0.9852941176470589,0.06209453197405004,0.00024279657
0.9852941176470589,0.06215213358070501,0.00024282804
0.9852941176470589,0.06220984215413185,0.0002429202
0.9852941176470589,0.062267657992565055,0.00024358329
0.9852941176470589,0.062325581395348835,0.00024383214
0.9852941176470589,0.06238361266294227,0.00024510644
0.9852941176470589,0.06244175209692451,0.0002451083
0.9852941176470589,0.0625,0.00024673223
0.9852941176470589,0.06255835667600373,0.00024843894
0.9852941176470589,0.06261682242990654,0.00024918144
0.9852941176470589,0.0626753975678204,0.0002504975
0.9852941176470589,0.06273408239700375,0.00025156955
0.9852941176470589,0.06279287722586692,0.00025455048
0.9852941176470589,0.06285178236397748,0.0002550057
0.9852941176470589,0.06291079812206572,0.00025561254
0.9852941176470589,0.06296992481203008,0.0002569577
0.9852941176470589,0.06302916274694262,0.00025792082
0.9852941176470589,0.06308851224105462,0.00026034648
0.9852941176470589,0.06314797360980208,0.0002603728
0.9852941176470589,0.06320754716981132,0.00026076185
0.9852941176470589,0.06326723323890462,0.0002614367
0.9852941176470589,0.06332703213610585,0.00026169684
0.9852941176470589,0.06338694418164617,0.00026213983
0.9852941176470589,0.0634469696969697,0.00026306696
0.9852941176470589,0.06350710900473934,0.00026348038
0.9852941176470589,0.0635673624288425,0.00026371737
0.9852941176470589,0.06362773029439696,0.0002644425
0.9852941176470589,0.06368821292775666,0.00026519617
0.9852941176470589,0.06374881065651761,0.0002652968
0.9852941176470589,0.06380952380952382,0.00026539876
0.9852941176470589,0.06387035271687322,0.0002663674
0.9852941176470589,0.06393129770992366,0.00026671196
0.9852941176470589,0.06399235912129896,0.0002670112
0.9852941176470589,0.06405353728489484,0.0002678115
0.9852941176470589,0.06411483253588517,0.00026860985
0.9852941176470589,0.06417624521072797,0.000269801
0.9852941176470589,0.06423777564717162,0.00027033503
0.9852941176470589,0.06429942418426103,0.00027066027
0.9852941176470589,0.0643611911623439,0.00027156054
0.9852941176470589,0.06442307692307692,0.00027182917
0.9852941176470589,0.06448508180943215,0.0002718494
0.9852941176470589,0.06454720616570328,0.00027222701
0.9852941176470589,0.06460945033751206,0.00027263482
0.9852941176470589,0.06467181467181467,0.00027275205
0.9852941176470589,0.0647342995169082,0.00027486947
0.9852941176470589,0.06479690522243714,0.00027633595
0.9852941176470589,0.06485963213939981,0.0002765204
0.9852941176470589,0.06492248062015504,0.00027664966
0.9852941176470589,0.06498545101842872,0.00027718136
0.9852941176470589,0.06504854368932039,0.0002779459
0.9852941176470589,0.06511175898931001,0.00027904593
0.9852941176470589,0.0651750972762646,0.00028034192
0.9852941176470589,0.06523855890944498,0.0002818768
0.9852941176470589,0.06530214424951267,0.00028188084
0.9852941176470589,0.06536585365853659,0.00028226298
0.9852941176470589,0.0654296875,0.00028282436
0.9852941176470589,0.06549364613880743,0.00028311872
0.9852941176470589,0.06555772994129158,0.00028931833
0.9852941176470589,0.06562193927522038,0.00029272746
0.9852941176470589,0.06568627450980392,0.00029327357
0.9705882352941176,0.0647693817468106,0.00029416123
0.9705882352941176,0.06483300589390963,0.00029422884
0.9705882352941176,0.06489675516224189,0.00029536683
0.9705882352941176,0.06496062992125984,0.00029551415
0.9705882352941176,0.06502463054187192,0.0002963284
0.9705882352941176,0.0650887573964497,0.00029709726
0.9705882352941176,0.06515301085883514,0.00029721286
0.9705882352941176,0.06521739130434782,0.00029812098
0.9705882352941176,0.06528189910979229,0.0002986322
0.9705882352941176,0.06534653465346535,0.00029867518
0.9705882352941176,0.06541129831516353,0.00029976948
0.9705882352941176,0.06547619047619048,0.00029985583
0.9705882352941176,0.06554121151936444,0.00030107558
0.9705882352941176,0.06560636182902585,0.00030119327
0.9705882352941176,0.06567164179104477,0.00030123664
0.9705882352941176,0.06573705179282868,0.000301622
0.9705882352941176,0.06580259222333001,0.00030477365
0.9705882352941176,0.0658682634730539,0.00030569293
0.9705882352941176,0.06593406593406594,0.0003057352
0.9705882352941176,0.066,0.00030575966
0.9705882352941176,0.06606606606606606,0.0003069253
0.9705882352941176,0.06613226452905811,0.00030803634
0.9705882352941176,0.06619859578736209,0.00030985128
0.9705882352941176,0.06626506024096386,0.00031067862
0.9705882352941176,0.06633165829145729,0.0003113618
0.9705882352941176,0.06639839034205232,0.00031288774
0.9705882352941176,0.06646525679758308,0.0003147964
0.9705882352941176,0.06653225806451613,0.00031621073
0.9705882352941176,0.06659939455095863,0.00031621705
0.9705882352941176,0.06666666666666667,0.00031694534
0.9705882352941176,0.06673407482305359,0.00031799407
0.9705882352941176,0.06680161943319839,0.00031850656
0.9705882352941176,0.0668693009118541,0.00031979574
0.9705882352941176,0.06693711967545639,0.0003230174
0.9705882352941176,0.06700507614213198,0.00032336373
0.9705882352941176,0.06707317073170732,0.00032469857
0.9705882352941176,0.0671414038657172,0.0003247165
0.9705882352941176,0.06720977596741344,0.00032476295
0.9705882352941176,0.0672782874617737,0.0003250086
0.9705882352941176,0.0673469387755102,0.0003253412
0.9705882352941176,0.06741573033707865,0.0003261757
0.9705882352941176,0.06748466257668712,0.00032640714
0.9705882352941176,0.06755373592630501,0.00032851097
0.9705882352941176,0.06762295081967214,0.00032863565
0.9705882352941176,0.06769230769230769,0.0003288707
0.9705882352941176,0.06776180698151951,0.0003289974
0.9705882352941176,0.06783144912641316,0.0003292484
0.9705882352941176,0.06790123456790123,0.00033055176
0.9705882352941176,0.06797116374871266,0.00033110025
0.9705882352941176,0.06804123711340206,0.00033272034
0.9705882352941176,0.06811145510835913,0.00033277934
0.9705882352941176,0.06818181818181818,0.00033293103
0.9705882352941176,0.06825232678386763,0.00033434393
0.9705882352941176,0.06832298136645963,0.00033638213
0.9705882352941176,0.06839378238341969,0.0003369093
0.9705882352941176,0.06846473029045644,0.0003373197
0.9705882352941176,0.06853582554517133,0.0003417336
0.9705882352941176,0.06860706860706861,0.0003425838
0.9705882352941176,0.06867845993756504,0.0003439555
0.9705882352941176,0.06875,0.00034608415
0.9705882352941176,0.06882168925964546,0.0003476312
0.9705882352941176,0.06889352818371608,0.0003476962
0.9705882352941176,0.06896551724137931,0.0003486212
0.9705882352941176,0.06903765690376569,0.00034991096
0.9705882352941176,0.06910994764397906,0.00035105553
0.9705882352941176,0.06918238993710692,0.00035127363
0.9705882352941176,0.06925498426023086,0.00035144782
0.9705882352941176,0.06932773109243698,0.0003514706
0.9705882352941176,0.0694006309148265,0.0003518434
0.9705882352941176,0.06947368421052631,0.0003529078
0.9705882352941176,0.06954689146469968,0.00035602666
0.9705882352941176,0.06962025316455696,0.00035639905
0.9705882352941176,0.06969376979936642,0.00035681447
0.9705882352941176,0.06976744186046512,0.0003580456
0.9705882352941176,0.06984126984126984,0.00035810535
0.9705882352941176,0.06991525423728813,0.00035981604
0.9705882352941176,0.06998939554612937,0.00036404634
0.9705882352941176,0.07006369426751592,0.00036588445
0.9705882352941176,0.07013815090329437,0.00036797242
0.9705882352941176,0.07021276595744681,0.00036917673
0.9705882352941176,0.07028753993610223,0.0003697648
0.9705882352941176,0.07036247334754797,0.0003755748
0.9705882352941176,0.07043756670224119,0.00037706862
0.9705882352941176,0.07051282051282051,0.00037906316
0.9705882352941176,0.07058823529411765,0.0003796266
0.9705882352941176,0.07066381156316917,0.00038217352
0.9705882352941176,0.0707395498392283,0.00038515654
0.9705882352941176,0.07081545064377683,0.00038524557
0.9705882352941176,0.07089151450053706,0.00038629628
0.9705882352941176,0.07096774193548387,0.00038836457
0.9705882352941176,0.07104413347685684,0.0003886079
0.9705882352941176,0.07112068965517242,0.00038955262
0.9705882352941176,0.07119741100323625,0.0003901906
0.9705882352941176,0.07127429805615551,0.00039096075
0.9705882352941176,0.07135135135135136,0.0003932047
0.9705882352941176,0.07142857142857142,0.00039722543
0.9705882352941176,0.07150595882990249,0.00039773525
0.9705882352941176,0.07158351409978309,0.00039909477
0.9705882352941176,0.07166123778501629,0.00039952074
0.9705882352941176,0.07173913043478261,0.00039991416
0.9705882352941176,0.07181719260065289,0.0004010937
0.9705882352941176,0.0718954248366013,0.00040225472
0.9705882352941176,0.07197382769901854,0.00040293174
0.9705882352941176,0.07205240174672489,0.0004033041
0.9705882352941176,0.07213114754098361,0.00040340022
0.9705882352941176,0.07221006564551423,0.00040587335
0.9705882352941176,0.07228915662650602,0.0004075669
0.9705882352941176,0.07236842105263158,0.00040789187
0.9705882352941176,0.07244785949506037,0.00040803087
0.9705882352941176,0.07252747252747253,0.0004080822
0.9705882352941176,0.07260726072607261,0.00041128017
0.9705882352941176,0.07268722466960352,0.00041175683
0.9705882352941176,0.07276736493936053,0.0004120246
0.9705882352941176,0.0728476821192053,0.00041614144
0.9705882352941176,0.07292817679558011,0.00041697835
0.9705882352941176,0.07300884955752213,0.00041787667
0.9705882352941176,0.07308970099667775,0.00041835834
0.9705882352941176,0.07317073170731707,0.0004192812
0.9705882352941176,0.0732519422863485,0.00042066022
0.9705882352941176,0.07333333333333333,0.00042164224
0.9705882352941176,0.07341490545050056,0.00042338562
0.9705882352941176,0.07349665924276169,0.00042515015
0.9705882352941176,0.07357859531772576,0.0004252523
0.9705882352941176,0.07366071428571429,0.00042606954
0.9705882352941176,0.07374301675977654,0.0004261014
0.9705882352941176,0.0738255033557047,0.00042616946
0.9705882352941176,0.07390817469204927,0.00042653648
0.9705882352941176,0.07399103139013453,0.0004283013
0.9705882352941176,0.07407407407407407,0.00042934413
0.9705882352941176,0.07415730337078652,0.00042949538
0.9705882352941176,0.07424071991001124,0.0004310994
0.9705882352941176,0.07432432432432433,0.00043230187
0.9705882352941176,0.07440811724915446,0.00043501408
0.9705882352941176,0.0744920993227991,0.00043558842
0.9705882352941176,0.07457627118644068,0.00043613
0.9705882352941176,0.0746606334841629,0.00043698895
0.9705882352941176,0.07474518686296716,0.00044096573
0.9705882352941176,0.07482993197278912,0.00044264083
0.9705882352941176,0.07491486946651532,0.00044620072
0.9705882352941176,0.075,0.0004481934
0.9705882352941176,0.07508532423208192,0.00045110635
0.9705882352941176,0.07517084282460136,0.0004515768
0.9705882352941176,0.07525655644241733,0.00045291884
0.9705882352941176,0.07534246575342465,0.00045403343
0.9705882352941176,0.07542857142857143,0.0004545945
0.9705882352941176,0.07551487414187644,0.0004577946
0.9705882352941176,0.07560137457044673,0.00045933155
0.9705882352941176,0.07568807339449542,0.00045975577
0.9705882352941176,0.07577497129735936,0.00046283318
0.9705882352941176,0.07586206896551724,0.00046403456
0.9705882352941176,0.0759493670886076,0.00046455057
0.9705882352941176,0.07603686635944701,0.00046588693
0.9705882352941176,0.07612456747404844,0.0004668167
0.9705882352941176,0.07621247113163972,0.0004693403
0.9705882352941176,0.07630057803468208,0.0004717847
0.9705882352941176,0.0763888888888889,0.00047482416
0.9705882352941176,0.07647740440324449,0.00047492696
0.9705882352941176,0.0765661252900232,0.0004764598
0.9705882352941176,0.07665505226480836,0.00048119746
0.9705882352941176,0.07674418604651163,0.0004829443
0.9705882352941176,0.07683352735739232,0.0004833012
0.9705882352941176,0.07692307692307693,0.00048460462
0.9705882352941176,0.07701283547257877,0.00048475087
0.9705882352941176,0.07710280373831775,0.00048854214
0.9705882352941176,0.07719298245614035,0.00048874144
0.9705882352941176,0.07728337236533958,0.00048955553
0.9705882352941176,0.07737397420867527,0.0004928659
0.9705882352941176,0.07746478873239436,0.00049355114
0.9705882352941176,0.07755581668625147,0.0004975117
0.9705882352941176,0.07764705882352942,0.00050513505
0.9705882352941176,0.07773851590106007,0.0005052735
0.9705882352941176,0.07783018867924528,0.00051024405
0.9705882352941176,0.07792207792207792,0.00051544915
0.9705882352941176,0.07801418439716312,0.0005154821
0.9705882352941176,0.07810650887573964,0.00052248075
0.9705882352941176,0.07819905213270142,0.00052335724
0.9705882352941176,0.07829181494661921,0.00052337715
0.9705882352941176,0.07838479809976247,0.00052449707
0.9705882352941176,0.07847800237812129,0.0005272572
0.9705882352941176,0.07857142857142857,0.0005289216
0.9705882352941176,0.07866507747318235,0.0005309815
0.9705882352941176,0.07875894988066826,0.0005380587
0.9705882352941176,0.07885304659498207,0.00053961645
0.9705882352941176,0.07894736842105263,0.00054157083
0.9705882352941176,0.07904191616766468,0.0005427372
0.9705882352941176,0.07913669064748201,0.00054342253
0.9705882352941176,0.07923169267707082,0.00054392754
0.9705882352941176,0.07932692307692307,0.00054499635
0.9705882352941176,0.07942238267148015,0.00054664316
0.9705882352941176,0.07951807228915662,0.0005468086
0.9705882352941176,0.07961399276236429,0.0005496426
0.9705882352941176,0.07971014492753623,0.00055145513
0.9705882352941176,0.07980652962515115,0.00055176375
0.9705882352941176,0.07990314769975787,0.00055315474
0.9705882352941176,0.08,0.0005561493
0.9705882352941176,0.08009708737864078,0.00055790244
0.9705882352941176,0.08019441069258809,0.00056037126
0.9705882352941176,0.08029197080291971,0.0005623102
0.9705882352941176,0.08038976857490865,0.0005623595
0.9705882352941176,0.08048780487804878,0.00056252326
0.9705882352941176,0.08058608058608059,0.00056467147
0.9705882352941176,0.08068459657701711,0.0005669994
0.9705882352941176,0.08078335373317014,0.00056946155
0.9705882352941176,0.08088235294117647,0.0005758269
0.9705882352941176,0.08098159509202454,0.0005758547
0.9705882352941176,0.08108108108108109,0.00057788624
0.9705882352941176,0.08118081180811808,0.00057827996
0.9705882352941176,0.0812807881773399,0.00058065425
0.9705882352941176,0.08138101109741061,0.0005835053
0.9705882352941176,0.08148148148148149,0.0005884032
0.9705882352941176,0.0815822002472188,0.0005943386
0.9705882352941176,0.08168316831683169,0.00059535826
0.9705882352941176,0.08178438661710037,0.00060080946
0.9705882352941176,0.08188585607940446,0.00060414884
0.9705882352941176,0.08198757763975155,0.0006060506
0.9705882352941176,0.08208955223880597,0.0006069836
0.9705882352941176,0.0821917808219178,0.00061002723
0.9705882352941176,0.08229426433915212,0.0006133439
0.9705882352941176,0.08239700374531835,0.0006193577
0.9705882352941176,0.0825,0.00062135403
0.9705882352941176,0.08260325406758448,0.0006219557
0.9705882352941176,0.08270676691729323,0.00062513934
0.9705882352941176,0.08281053952321205,0.00062670466
0.9705882352941176,0.0829145728643216,0.00063384266
0.9705882352941176,0.0830188679245283,0.00063572574
0.9705882352941176,0.08312342569269521,0.00063627976
0.9705882352941176,0.0832282471626734,0.00063698145
0.9705882352941176,0.08333333333333333,0.00063756877
0.9705882352941176,0.08343868520859671,0.0006377469
0.9705882352941176,0.08354430379746836,0.0006385329
0.9705882352941176,0.08365019011406843,0.0006427826
0.9705882352941176,0.08375634517766498,0.0006448464
0.9705882352941176,0.08386277001270648,0.0006481845
0.9705882352941176,0.08396946564885496,0.0006500946
0.9705882352941176,0.0840764331210191,0.0006508457
0.9705882352941176,0.08418367346938775,0.00065290206
0.9705882352941176,0.0842911877394636,0.00065378373
0.9705882352941176,0.08439897698209718,0.00065529154
0.9705882352941176,0.08450704225352113,0.0006631138
0.9705882352941176,0.08461538461538462,0.00066364516
0.9705882352941176,0.08472400513478819,0.00066392537
0.9705882352941176,0.08483290488431877,0.0006675416
0.9705882352941176,0.08494208494208494,0.00066771905
0.9705882352941176,0.08505154639175258,0.00067035214
0.9705882352941176,0.08516129032258064,0.00067171204
0.9705882352941176,0.08527131782945736,0.0006732636
0.9705882352941176,0.08538163001293661,0.0006733933
0.9705882352941176,0.08549222797927461,0.0006744116
0.9705882352941176,0.08560311284046693,0.0006817582
0.9705882352941176,0.08571428571428572,0.0006856273
0.9705882352941176,0.0858257477243173,0.000689242
0.9705882352941176,0.0859375,0.0006899379
0.9705882352941176,0.08604954367666232,0.0006906287
0.9705882352941176,0.08616187989556136,0.0006909825
0.9705882352941176,0.08627450980392157,0.00069118175
0.9705882352941176,0.08638743455497382,0.00069357106
0.9705882352941176,0.08650065530799476,0.0006977431
0.9705882352941176,0.08661417322834646,0.0007023303
0.9705882352941176,0.08672798948751642,0.0007024722
0.9705882352941176,0.0868421052631579,0.00070306903
0.9705882352941176,0.08695652173913043,0.0007075604
0.9705882352941176,0.0870712401055409,0.0007091481
0.9705882352941176,0.08718626155878467,0.00071379053
0.9705882352941176,0.0873015873015873,0.00071399397
0.9705882352941176,0.08741721854304636,0.0007168664
0.9705882352941176,0.08753315649867374,0.00071695144
0.9705882352941176,0.08764940239043825,0.0007183343
0.9705882352941176,0.08776595744680851,0.0007188308
0.9705882352941176,0.08788282290279627,0.0007198725
0.9705882352941176,0.088,0.0007206017
0.9705882352941176,0.08811748998664887,0.00072144147
0.9705882352941176,0.08823529411764706,0.00072148297
0.9705882352941176,0.08835341365461848,0.00072436617
0.9705882352941176,0.08847184986595175,0.0007249891
0.9705882352941176,0.08859060402684564,0.00073091
0.9705882352941176,0.08870967741935484,0.00073366583
0.9705882352941176,0.08882907133243607,0.00073472754
0.9705882352941176,0.0889487870619946,0.0007381506
0.9705882352941176,0.08906882591093117,0.000741473
0.9705882352941176,0.0891891891891892,0.00074797694
0.9705882352941176,0.08930987821380243,0.0007486484
0.9705882352941176,0.08943089430894309,0.0007527662
0.9705882352941176,0.08955223880597014,0.0007593601
0.9705882352941176,0.08967391304347826,0.0007616074
0.9705882352941176,0.08979591836734693,0.0007637667
0.9705882352941176,0.08991825613079019,0.0007664736
0.9705882352941176,0.09004092769440655,0.00077143946
0.9705882352941176,0.09016393442622951,0.00077295204
0.9705882352941176,0.09028727770177838,0.0007732928
0.9705882352941176,0.09041095890410959,0.00077364215
0.9705882352941176,0.09053497942386832,0.00077490055
0.9705882352941176,0.09065934065934066,0.0007750449
0.9705882352941176,0.0907840440165062,0.00077754905
0.9705882352941176,0.09090909090909091,0.00078619504
0.9705882352941176,0.0910344827586207,0.00079010654
0.9705882352941176,0.09116022099447514,0.0007979715
0.9705882352941176,0.0912863070539419,0.00081296684
0.9705882352941176,0.09141274238227147,0.0008293248
0.9705882352941176,0.09153952843273232,0.0008335825
0.9705882352941176,0.09166666666666666,0.00084055413
0.9705882352941176,0.0917941585535466,0.00084355293
0.9705882352941176,0.09192200557103064,0.0008552065
0.9705882352941176,0.09205020920502092,0.0008553507
0.9705882352941176,0.09217877094972067,0.0008592542
0.9705882352941176,0.09230769230769231,0.0008641116
0.9705882352941176,0.09243697478991597,0.00086613116
0.9705882352941176,0.09256661991584852,0.00087474263
0.9705882352941176,0.09269662921348315,0.00088035414
0.9705882352941176,0.09282700421940929,0.0008809625
0.9705882352941176,0.09295774647887324,0.00088603573
0.9705882352941176,0.0930888575458392,0.0008907871
0.9705882352941176,0.09322033898305085,0.0008917022
0.9705882352941176,0.09335219236209336,0.000896668
0.9705882352941176,0.09348441926345609,0.0008970966
0.9705882352941176,0.09361702127659574,0.0008983655
0.9705882352941176,0.09375,0.0009022571
0.9705882352941176,0.09388335704125178,0.0009069528
0.9705882352941176,0.09401709401709402,0.0009089949
0.9705882352941176,0.09415121255349501,0.0009141598
0.9705882352941176,0.09428571428571429,0.0009149933
0.9705882352941176,0.0944206008583691,0.0009226702
0.9705882352941176,0.09455587392550144,0.0009254528
0.9705882352941176,0.09469153515064563,0.00092675345
0.9705882352941176,0.09482758620689655,0.0009311665
0.9705882352941176,0.09496402877697842,0.0009317544
0.9705882352941176,0.09510086455331412,0.00093431293
0.9705882352941176,0.09523809523809523,0.000936294
0.9705882352941176,0.0953757225433526,0.0009383887
0.9705882352941176,0.0955137481910275,0.00094012974
0.9705882352941176,0.09565217391304348,0.0009445156
0.9705882352941176,0.09579100145137881,0.00095425104
0.9705882352941176,0.09593023255813954,0.00095497514
0.9705882352941176,0.09606986899563319,0.0009550201
0.9705882352941176,0.09620991253644315,0.00095618184
0.9705882352941176,0.09635036496350365,0.00095865293
0.9705882352941176,0.09649122807017543,0.00096056884
0.9705882352941176,0.09663250366032211,0.0009630155
0.9705882352941176,0.0967741935483871,0.00096590084
0.9705882352941176,0.09691629955947137,0.0009745799
0.9705882352941176,0.09705882352941177,0.0009749514
0.9705882352941176,0.09720176730486009,0.0009848413
0.9705882352941176,0.09734513274336283,0.0009993251
0.9705882352941176,0.09748892171344166,0.0009998388
0.9705882352941176,0.09763313609467456,0.0010022823
0.9705882352941176,0.09777777777777778,0.0010023577
0.9705882352941176,0.09792284866468842,0.0010069179
0.9705882352941176,0.09806835066864784,0.0010276728
0.9705882352941176,0.09821428571428571,0.0010284347
0.9705882352941176,0.09836065573770492,0.0010300081
0.9705882352941176,0.09850746268656717,0.0010373085
0.9705882352941176,0.09865470852017937,0.0010403934
0.9705882352941176,0.09880239520958084,0.0010408419
0.9705882352941176,0.09895052473763119,0.00104183
0.9705882352941176,0.0990990990990991,0.0010422152
0.9705882352941176,0.09924812030075188,0.0010423263
0.9705882352941176,0.09939759036144578,0.0010593993
0.9705882352941176,0.09954751131221719,0.0010665932
0.9705882352941176,0.09969788519637462,0.001090281
0.9705882352941176,0.09984871406959153,0.0010935189
0.9705882352941176,0.1,0.0010946628
0.9705882352941176,0.10015174506828528,0.0011023507
0.9705882352941176,0.10030395136778116,0.0011042156
0.9705882352941176,0.1004566210045662,0.0011090117
0.9705882352941176,0.10060975609756098,0.001111179
0.9705882352941176,0.10076335877862595,0.0011115607
0.9705882352941176,0.10091743119266056,0.0011201202
0.9705882352941176,0.10107197549770292,0.0011227733
0.9705882352941176,0.10122699386503067,0.0011234183
0.9705882352941176,0.10138248847926268,0.0011281988
0.9705882352941176,0.10153846153846154,0.0011295613
0.9705882352941176,0.1016949152542373,0.0011306147
0.9705882352941176,0.10185185185185185,0.001135589
0.9705882352941176,0.10200927357032458,0.0011431783
0.9705882352941176,0.1021671826625387,0.0011461535
0.9705882352941176,0.10232558139534884,0.0011601123
0.9705882352941176,0.10248447204968944,0.0011619637
0.9705882352941176,0.1026438569206843,0.001164449
0.9705882352941176,0.102803738317757,0.0011654311
0.9705882352941176,0.1029641185647426,0.0011724433
0.9705882352941176,0.103125,0.0011747042
0.9705882352941176,0.10328638497652583,0.0011778044
0.9705882352941176,0.10344827586206896,0.0011792043
0.9705882352941176,0.10361067503924647,0.0011881663
0.9705882352941176,0.10377358490566038,0.0011941566
0.9705882352941176,0.10393700787401575,0.0011988927
0.9705882352941176,0.10410094637223975,0.0011994456
0.9705882352941176,0.10426540284360189,0.0011994723
0.9705882352941176,0.10443037974683544,0.001202772
0.9705882352941176,0.1045958795562599,0.0012166945
0.9705882352941176,0.10476190476190476,0.0012226851
0.9705882352941176,0.10492845786963434,0.0012336505
0.9705882352941176,0.10509554140127389,0.0012505059
0.9705882352941176,0.10526315789473684,0.0012540634
0.9705882352941176,0.10543130990415335,0.0012541016
0.9705882352941176,0.1056,0.0012884014
0.9705882352941176,0.10576923076923077,0.001294347
0.9705882352941176,0.10593900481540931,0.0012966718
0.9705882352941176,0.10610932475884244,0.0012977368
0.9705882352941176,0.10628019323671498,0.0013070467
0.9705882352941176,0.1064516129032258,0.0013338405
0.9705882352941176,0.10662358642972536,0.0013483757
0.9705882352941176,0.10679611650485436,0.0013532811
0.9705882352941176,0.10696920583468396,0.0013765449
0.9705882352941176,0.10714285714285714,0.0013783167
0.9558823529411765,0.10569105691056911,0.0013797034
0.9558823529411765,0.10586319218241043,0.0013842843
0.9558823529411765,0.10603588907014681,0.0013879137
0.9558823529411765,0.10620915032679738,0.0013917555
0.9558823529411765,0.10638297872340426,0.0013938487
0.9558823529411765,0.10655737704918032,0.0013941447
0.9558823529411765,0.10673234811165845,0.0013988321
0.9558823529411765,0.1069078947368421,0.001400083
0.9558823529411765,0.1070840197693575,0.0014104377
0.9558823529411765,0.10726072607260725,0.0014104982
0.9558823529411765,0.10743801652892562,0.0014150646
0.9558823529411765,0.1076158940397351,0.0014299258
0.9558823529411765,0.1077943615257048,0.0014330981
0.9558823529411765,0.1079734219269103,0.001439474
0.9558823529411765,0.10815307820299501,0.001463756
0.9558823529411765,0.10833333333333334,0.0014739865
0.9558823529411765,0.10851419031719532,0.001477219
0.9558823529411765,0.10869565217391304,0.0014896414
0.9558823529411765,0.10887772194304858,0.0014918426
0.9558823529411765,0.10906040268456375,0.0014978268
0.9558823529411765,0.1092436974789916,0.0014994342
0.9558823529411765,0.10942760942760943,0.0015064578
0.9558823529411765,0.10961214165261383,0.0015186432
0.9558823529411765,0.1097972972972973,0.0015231676
0.9558823529411765,0.10998307952622674,0.0015377562
0.9558823529411765,0.11016949152542373,0.0015414284
0.9558823529411765,0.11035653650254669,0.0015850631
0.9558823529411765,0.11054421768707483,0.0015955544
0.9558823529411765,0.11073253833049404,0.00159773
0.9558823529411765,0.11092150170648464,0.0016053718
0.9558823529411765,0.1111111111111111,0.0016057106
0.9558823529411765,0.1113013698630137,0.0016086908
0.9558823529411765,0.11149228130360206,0.0016241999
0.9558823529411765,0.11168384879725086,0.001624749
0.9558823529411765,0.11187607573149742,0.0016344999
0.9558823529411765,0.11206896551724138,0.001643379
0.9558823529411765,0.11226252158894647,0.0016535902
0.9558823529411765,0.11245674740484429,0.001656977
0.9558823529411765,0.11265164644714037,0.0016765384
0.9558823529411765,0.11284722222222222,0.0016843724
0.9558823529411765,0.11304347826086956,0.00168954
0.9558823529411765,0.1132404181184669,0.0017087148
0.9558823529411765,0.11343804537521815,0.0017105319
0.9558823529411765,0.11363636363636363,0.0017203891
0.9558823529411765,0.1138353765323993,0.0017215303
0.9558823529411765,0.11403508771929824,0.0017223466
0.9558823529411765,0.11423550087873462,0.0017547456
0.9558823529411765,0.11443661971830986,0.0017633185
0.9558823529411765,0.1146384479717813,0.0017812473
0.9558823529411765,0.11484098939929328,0.001784242
0.9558823529411765,0.11504424778761062,0.0018021428
0.9558823529411765,0.11524822695035461,0.001803824
0.9558823529411765,0.11545293072824156,0.0018078078
0.9558823529411765,0.11565836298932385,0.0018079422
0.9558823529411765,0.11586452762923351,0.0018163258
0.9558823529411765,0.11607142857142858,0.0018174346
0.9558823529411765,0.11627906976744186,0.0018223209
0.9558823529411765,0.11648745519713262,0.0018231658
0.9558823529411765,0.11669658886894076,0.0018349855
0.9558823529411765,0.11690647482014388,0.0018479985
0.9558823529411765,0.11711711711711711,0.0018635873
0.9558823529411765,0.11732851985559567,0.0018675748
0.9558823529411765,0.11754068716094032,0.0018706137
0.9558823529411765,0.11775362318840579,0.0018971784
0.9558823529411765,0.11796733212341198,0.0019044327
0.9558823529411765,0.11818181818181818,0.0019111054
0.9558823529411765,0.11839708561020036,0.0019202606
0.9558823529411765,0.11861313868613138,0.0019272326
0.9558823529411765,0.11882998171846434,0.0019276829
0.9558823529411765,0.11904761904761904,0.0019344885
0.9558823529411765,0.11926605504587157,0.0019350538
0.9558823529411765,0.11948529411764706,0.0019562766
0.9558823529411765,0.11970534069981584,0.0019757308
0.9558823529411765,0.11992619926199262,0.0019792458
0.9558823529411765,0.12014787430683918,0.001981981
0.9558823529411765,0.12037037037037036,0.0020093627
0.9558823529411765,0.12059369202226346,0.0020252445
0.9558823529411765,0.120817843866171,0.002033105
0.9558823529411765,0.12104283054003724,0.0020438957
0.9558823529411765,0.12126865671641791,0.0020510033
0.9558823529411765,0.12149532710280374,0.0020516922
0.9558823529411765,0.12172284644194757,0.0020546997
0.9558823529411765,0.12195121951219512,0.002056837
0.9558823529411765,0.12218045112781954,0.0020630097
0.9558823529411765,0.1224105461393597,0.00206766
0.9558823529411765,0.12264150943396226,0.0020701124
0.9558823529411765,0.12287334593572778,0.0020814075
0.9558823529411765,0.12310606060606061,0.0020941065
0.9558823529411765,0.12333965844402277,0.00210857
0.9558823529411765,0.12357414448669202,0.0021238178
0.9558823529411765,0.12380952380952381,0.002132904
0.9411764705882353,0.12213740458015267,0.0021332866
0.9411764705882353,0.12237093690248566,0.0021334835
0.9411764705882353,0.12260536398467432,0.0021586274
0.9411764705882353,0.12284069097888675,0.0021590835
0.9411764705882353,0.12307692307692308,0.0021607464
0.9411764705882353,0.1233140655105973,0.0021693138
0.9411764705882353,0.12355212355212356,0.002191469
0.9411764705882353,0.12379110251450677,0.002192197
0.9411764705882353,0.12403100775193798,0.0021997239
0.9411764705882353,0.12427184466019417,0.0022008521
0.9411764705882353,0.1245136186770428,0.0022134527
0.9411764705882353,0.12475633528265107,0.0022261103
0.9411764705882353,0.125,0.0022385868
0.9411764705882353,0.12524461839530332,0.0022428446
0.9411764705882353,0.12549019607843137,0.002247749
0.9411764705882353,0.12573673870333987,0.002286355
0.9411764705882353,0.12598425196850394,0.0022886775
0.9411764705882353,0.126232741617357,0.0023118188
0.9411764705882353,0.12648221343873517,0.0023275244
0.9411764705882353,0.12673267326732673,0.0023647386
0.9411764705882353,0.12698412698412698,0.002364758
0.9411764705882353,0.1272365805168986,0.0023992348
0.9411764705882353,0.12749003984063745,0.002401443
0.9411764705882353,0.1277445109780439,0.0024233668
0.9411764705882353,0.128,0.0024632274
0.9411764705882353,0.1282565130260521,0.0024687906
0.9411764705882353,0.1285140562248996,0.0024780498
0.9411764705882353,0.12877263581488935,0.0024873246
0.9411764705882353,0.12903225806451613,0.002521676
0.9411764705882353,0.1292929292929293,0.0025265142
0.9411764705882353,0.12955465587044535,0.0025318903
0.9411764705882353,0.12981744421906694,0.0025500767
0.9411764705882353,0.13008130081300814,0.002568023
0.9411764705882353,0.13034623217922606,0.0025763724
0.9411764705882353,0.1306122448979592,0.0025900565
0.9411764705882353,0.130879345603272,0.0026057332
0.9411764705882353,0.13114754098360656,0.0026060469
0.9411764705882353,0.13141683778234087,0.0026261716
0.9411764705882353,0.13168724279835392,0.0026358776
0.9411764705882353,0.13195876288659794,0.0026373283
0.9411764705882353,0.1322314049586777,0.0026528665
0.9411764705882353,0.13250517598343686,0.0026570065
0.9411764705882353,0.13278008298755187,0.0026637437
0.9411764705882353,0.13305613305613306,0.0026859334
0.9411764705882353,0.13333333333333333,0.0027044923
0.9411764705882353,0.1336116910229645,0.0027116886
0.9411764705882353,0.13389121338912133,0.0027209984
0.9411764705882353,0.13417190775681342,0.0027421517
0.9411764705882353,0.13445378151260504,0.0027443108
0.9411764705882353,0.13473684210526315,0.002758357
0.9411764705882353,0.1350210970464135,0.0027597921
0.9411764705882353,0.13530655391120508,0.002792695
0.9411764705882353,0.13559322033898305,0.0027987862
0.9411764705882353,0.13588110403397027,0.0028030123
0.9411764705882353,0.13617021276595745,0.0028204622
0.9411764705882353,0.13646055437100213,0.0028277833
0.9411764705882353,0.13675213675213677,0.0028350262
0.9411764705882353,0.13704496788008566,0.002864225
0.9411764705882353,0.13733905579399142,0.0028869375
0.9411764705882353,0.13763440860215054,0.0028960812
0.9411764705882353,0.13793103448275862,0.0029143004
0.9411764705882353,0.13822894168466524,0.0029376335
0.9411764705882353,0.13852813852813853,0.0029595937
0.9411764705882353,0.13882863340563992,0.0029765847
0.9411764705882353,0.1391304347826087,0.0029872323
0.9411764705882353,0.1394335511982571,0.0029902477
0.9411764705882353,0.13973799126637554,0.0030196616
0.9411764705882353,0.1400437636761488,0.0030427882
0.9411764705882353,0.14035087719298245,0.0030489147
0.9411764705882353,0.14065934065934066,0.0031026157
0.9411764705882353,0.14096916299559473,0.0031027633
0.9411764705882353,0.141280353200883,0.0031367363
0.9411764705882353,0.1415929203539823,0.0031413173
0.9411764705882353,0.1419068736141907,0.0031469634
0.9411764705882353,0.14222222222222222,0.003174475
0.9411764705882353,0.14253897550111358,0.003179277
0.9411764705882353,0.14285714285714285,0.003205229
0.9411764705882353,0.14317673378076062,0.0032240914
0.9411764705882353,0.14349775784753363,0.003229929
0.9411764705882353,0.14382022471910114,0.0032529877
0.9411764705882353,0.14414414414414414,0.0032560767
0.9411764705882353,0.14446952595936793,0.0032603662
0.9411764705882353,0.14479638009049775,0.0032603894
0.9411764705882353,0.14512471655328799,0.0032837007
0.9411764705882353,0.14545454545454545,0.003293288
0.9411764705882353,0.14578587699316628,0.0033061127
0.9411764705882353,0.1461187214611872,0.0033097772
0.9411764705882353,0.14645308924485126,0.0033291278
0.9411764705882353,0.14678899082568808,0.0033314752
0.9411764705882353,0.1471264367816092,0.0033374287
0.9411764705882353,0.14746543778801843,0.0033506558
0.9264705882352942,0.14549653579676675,0.0033621101
0.9264705882352942,0.14583333333333334,0.0033855685
0.9264705882352942,0.14617169373549885,0.0033971367
0.9264705882352942,0.14651162790697675,0.0034175974
0.9264705882352942,0.14685314685314685,0.0034432542
0.9264705882352942,0.14719626168224298,0.00349902
0.9264705882352942,0.14754098360655737,0.003516967
0.9264705882352942,0.14788732394366197,0.0035191067
0.9264705882352942,0.14823529411764705,0.0035481297
0.9264705882352942,0.14858490566037735,0.0035495665
0.9264705882352942,0.14893617021276595,0.0035642798
0.9264705882352942,0.14928909952606634,0.0035960178
0.9264705882352942,0.1496437054631829,0.0036256711
0.9264705882352942,0.15,0.0036567736
0.9264705882352942,0.15035799522673032,0.003672959
0.9264705882352942,0.1507177033492823,0.0036850753
0.9264705882352942,0.1510791366906475,0.0037045276
0.9264705882352942,0.15144230769230768,0.003739557
0.9264705882352942,0.15180722891566265,0.0037640312
0.9264705882352942,0.15217391304347827,0.0037975123
0.9264705882352942,0.15254237288135594,0.003826597
0.9264705882352942,0.1529126213592233,0.0038794905
0.9264705882352942,0.15328467153284672,0.0038810922
0.9264705882352942,0.15365853658536585,0.0039038626
0.9264705882352942,0.15403422982885084,0.003921827
0.9264705882352942,0.15441176470588236,0.0039304723
0.9264705882352942,0.1547911547911548,0.0039585796
0.9264705882352942,0.15517241379310345,0.003963422
0.9264705882352942,0.15555555555555556,0.004013891
0.9264705882352942,0.15594059405940594,0.00408162
0.9264705882352942,0.15632754342431762,0.004092516
0.9264705882352942,0.15671641791044777,0.0040970566
0.9264705882352942,0.1571072319201995,0.004149159
0.9264705882352942,0.1575,0.0041853767
0.9264705882352942,0.15789473684210525,0.004254787
0.9264705882352942,0.15829145728643215,0.0043469593
0.9264705882352942,0.15869017632241814,0.004354261
0.9264705882352942,0.1590909090909091,0.0043632253
0.9264705882352942,0.15949367088607594,0.004369282
0.9264705882352942,0.1598984771573604,0.0043756133
0.9264705882352942,0.16030534351145037,0.004417084
0.9264705882352942,0.16071428571428573,0.0044517196
0.9264705882352942,0.16112531969309463,0.004455798
0.9264705882352942,0.16153846153846155,0.004477385
0.9264705882352942,0.16195372750642673,0.0045841336
0.9264705882352942,0.16237113402061856,0.0046077194
0.9264705882352942,0.16279069767441862,0.0046596127
0.9264705882352942,0.16321243523316062,0.0046610925
0.9264705882352942,0.16363636363636364,0.004662201
0.9264705882352942,0.1640625,0.004710194
0.9264705882352942,0.16449086161879894,0.0047463374
0.9264705882352942,0.1649214659685864,0.0047487165
0.9264705882352942,0.16535433070866143,0.004758367
0.9264705882352942,0.16578947368421051,0.004779904
0.9264705882352942,0.1662269129287599,0.004791898
0.9264705882352942,0.16666666666666666,0.004870118
0.9264705882352942,0.16710875331564987,0.0049631284
0.9264705882352942,0.1675531914893617,0.0049926653
0.9264705882352942,0.168,0.004993897
0.9264705882352942,0.16844919786096257,0.0050540003
0.9264705882352942,0.16890080428954424,0.0050855563
0.9264705882352942,0.1693548387096774,0.00511013
0.9264705882352942,0.16981132075471697,0.0051147286
0.9264705882352942,0.17027027027027028,0.0051337797
0.9264705882352942,0.17073170731707318,0.00517734
0.9264705882352942,0.17119565217391305,0.0052728085
0.9264705882352942,0.17166212534059946,0.0052944515
0.9264705882352942,0.1721311475409836,0.0053202915
0.9264705882352942,0.1726027397260274,0.0053533823
0.9264705882352942,0.17307692307692307,0.0053589204
0.9264705882352942,0.17355371900826447,0.005379274
0.9264705882352942,0.17403314917127072,0.0053801974
0.9264705882352942,0.1745152354570637,0.005523879
0.9264705882352942,0.175,0.0055259676
0.9264705882352942,0.17548746518105848,0.005566252
0.9264705882352942,0.17597765363128492,0.005574435
0.9264705882352942,0.17647058823529413,0.0056190477
0.9264705882352942,0.17696629213483145,0.0056417235
0.9264705882352942,0.17746478873239438,0.005651871
0.9264705882352942,0.17796610169491525,0.005689898
0.9264705882352942,0.17847025495750707,0.0057095466
0.9264705882352942,0.17897727272727273,0.0057183434
0.9264705882352942,0.1794871794871795,0.005736417
0.9264705882352942,0.18,0.0057462184
0.9264705882352942,0.18051575931232092,0.0057748836
0.9264705882352942,0.1810344827586207,0.0057977447
0.9264705882352942,0.18155619596541786,0.0058543216
0.9264705882352942,0.18208092485549132,0.005972373
0.9264705882352942,0.1826086956521739,0.0060025402
0.9264705882352942,0.18313953488372092,0.006007512
0.9264705882352942,0.1836734693877551,0.006168112
0.9264705882352942,0.18421052631578946,0.006173522
0.9264705882352942,0.18475073313782991,0.0061772563
0.9264705882352942,0.18529411764705883,0.006265792
0.9264705882352942,0.18584070796460178,0.0062794136
0.9264705882352942,0.1863905325443787,0.0063066264
0.9264705882352942,0.18694362017804153,0.006315346
0.9264705882352942,0.1875,0.0063760015
0.9264705882352942,0.1880597014925373,0.006525661
0.9264705882352942,0.18862275449101795,0.006620261
0.9264705882352942,0.1891891891891892,0.0068088146
0.9264705882352942,0.1897590361445783,0.006983552
0.9264705882352942,0.1903323262839879,0.0070048864
0.9264705882352942,0.19090909090909092,0.0070617385
0.9264705882352942,0.19148936170212766,0.0073244213
0.9264705882352942,0.19207317073170732,0.007371828
0.9264705882352942,0.1926605504587156,0.0075047687
0.9264705882352942,0.19325153374233128,0.00756935
0.9264705882352942,0.19384615384615383,0.00757386
0.9264705882352942,0.19444444444444445,0.0075816745
0.9264705882352942,0.19504643962848298,0.007667844
0.9264705882352942,0.1956521739130435,0.0077659576
0.9264705882352942,0.19626168224299065,0.0078008682
0.9264705882352942,0.196875,0.007863977
0.9264705882352942,0.1974921630094044,0.008110671
0.9264705882352942,0.19811320754716982,0.008143182
0.9264705882352942,0.19873817034700317,0.008174275
0.9264705882352942,0.19936708860759494,0.00819324
0.9264705882352942,0.2,0.008218822
0.9264705882352942,0.20063694267515925,0.008277064
0.9264705882352942,0.2012779552715655,0.0082869455
0.9264705882352942,0.20192307692307693,0.0083513865
0.9264705882352942,0.20257234726688103,0.008438043
0.9264705882352942,0.2032258064516129,0.008443519
0.9264705882352942,0.20388349514563106,0.008464036
0.9264705882352942,0.20454545454545456,0.008653794
0.9264705882352942,0.20521172638436483,0.008761918
0.9264705882352942,0.20588235294117646,0.008846795
0.9264705882352942,0.20655737704918034,0.008907451
0.9264705882352942,0.20723684210526316,0.008927292
0.9264705882352942,0.2079207920792079,0.0091423
0.9264705882352942,0.20860927152317882,0.0091534
0.9264705882352942,0.20930232558139536,0.009249795
0.9264705882352942,0.21,0.009284148
0.9264705882352942,0.21070234113712374,0.009286754
0.9264705882352942,0.21140939597315436,0.009297056
0.9264705882352942,0.21212121212121213,0.009302899
0.9264705882352942,0.21283783783783783,0.009339256
0.9264705882352942,0.2135593220338983,0.009530575
0.9264705882352942,0.21428571428571427,0.009688526
0.9264705882352942,0.2150170648464164,0.00980947
0.9264705882352942,0.21575342465753425,0.009832859
0.9264705882352942,0.21649484536082475,0.009840374
0.9264705882352942,0.21724137931034482,0.00984326
0.9264705882352942,0.2179930795847751,0.009844895
0.9264705882352942,0.21875,0.009885968
0.9264705882352942,0.21951219512195122,0.009924276
0.9264705882352942,0.2202797202797203,0.010009275
0.9264705882352942,0.22105263157894736,0.010051411
0.9264705882352942,0.22183098591549297,0.010096543
0.9264705882352942,0.2226148409893993,0.010224697
0.9264705882352942,0.22340425531914893,0.010385912
0.9117647058823529,0.2206405693950178,0.010688225
0.8970588235294118,0.21785714285714286,0.0107818
0.8970588235294118,0.21863799283154123,0.010916209
0.8970588235294118,0.21942446043165467,0.0111608775
0.8970588235294118,0.22021660649819494,0.011409316
0.8970588235294118,0.2210144927536232,0.011536167
0.8970588235294118,0.22181818181818183,0.011559059
0.8970588235294118,0.22262773722627738,0.011569725
0.8970588235294118,0.22344322344322345,0.011739426
0.8970588235294118,0.22426470588235295,0.011746908
0.8970588235294118,0.22509225092250923,0.011957869
0.8970588235294118,0.22592592592592592,0.012359274
0.8970588235294118,0.22676579925650558,0.012372319
0.8970588235294118,0.22761194029850745,0.012375856
0.8970588235294118,0.22846441947565543,0.012516046
0.8970588235294118,0.22932330827067668,0.012549246
0.8970588235294118,0.23018867924528302,0.01261132
0.8970588235294118,0.23106060606060605,0.0126734795
0.8970588235294118,0.23193916349809887,0.012711668
0.8970588235294118,0.23282442748091603,0.013193431
0.8970588235294118,0.23371647509578544,0.013244827
0.8970588235294118,0.23461538461538461,0.01330763
0.8970588235294118,0.23552123552123552,0.013516861
0.8970588235294118,0.2364341085271318,0.013584884
0.8970588235294118,0.23735408560311283,0.013685629
0.8970588235294118,0.23828125,0.013781034
0.8970588235294118,0.23921568627450981,0.01387574
0.8970588235294118,0.24015748031496062,0.014103624
0.8970588235294118,0.24110671936758893,0.014449455
0.8970588235294118,0.24206349206349206,0.014909487
0.8970588235294118,0.24302788844621515,0.015158011
0.8970588235294118,0.244,0.015190583
0.8970588235294118,0.24497991967871485,0.015258837
0.8970588235294118,0.24596774193548387,0.015608003
0.8970588235294118,0.24696356275303644,0.01579469
0.8970588235294118,0.24796747967479674,0.015960207
0.8970588235294118,0.24897959183673468,0.016184079
0.8970588235294118,0.25,0.017122762
0.8970588235294118,0.25102880658436216,0.01715363
0.8970588235294118,0.25206611570247933,0.017334193
0.8970588235294118,0.25311203319502074,0.017433416
0.8970588235294118,0.25416666666666665,0.017917287
0.8970588235294118,0.25523012552301255,0.018151226
0.8970588235294118,0.25630252100840334,0.018434055
0.8970588235294118,0.25738396624472576,0.018526677
0.8970588235294118,0.2584745762711864,0.018903855
0.8970588235294118,0.25957446808510637,0.019082788
0.8970588235294118,0.2606837606837607,0.019302068
0.8970588235294118,0.26180257510729615,0.01980761
0.8970588235294118,0.2629310344827586,0.020132799
0.8970588235294118,0.26406926406926406,0.020212771
0.8970588235294118,0.26521739130434785,0.020465104
0.8970588235294118,0.2663755458515284,0.020559408
0.8970588235294118,0.2675438596491228,0.02125761
0.8970588235294118,0.2687224669603524,0.021748886
0.8970588235294118,0.26991150442477874,0.022428347
0.8970588235294118,0.27111111111111114,0.0234801
0.8970588235294118,0.27232142857142855,0.024224786
0.8970588235294118,0.273542600896861,0.024420947
0.8970588235294118,0.2747747747747748,0.024655
0.8970588235294118,0.27601809954751133,0.024937367
0.8970588235294118,0.2772727272727273,0.024967821
0.8970588235294118,0.2785388127853881,0.025011249
0.8970588235294118,0.2798165137614679,0.02564643
0.8970588235294118,0.28110599078341014,0.026308091
0.8970588235294118,0.2824074074074074,0.026627537
0.8970588235294118,0.2837209302325581,0.026757458
0.8970588235294118,0.2850467289719626,0.027796375
0.8970588235294118,0.2863849765258216,0.027948862
0.8970588235294118,0.28773584905660377,0.027976694
0.8970588235294118,0.2890995260663507,0.02803154
0.8970588235294118,0.2904761904761905,0.028480787
0.8970588235294118,0.291866028708134,0.028993849
0.8970588235294118,0.2932692307692308,0.029291324
0.8970588235294118,0.2946859903381642,0.030128818
0.8970588235294118,0.2961165048543689,0.030823724
0.8970588235294118,0.2975609756097561,0.031182565
0.8970588235294118,0.29901960784313725,0.031914484
0.8970588235294118,0.30049261083743845,0.031934444
0.8970588235294118,0.30198019801980197,0.03291515
0.8970588235294118,0.3034825870646766,0.033434298
0.8970588235294118,0.305,0.03351669
0.8970588235294118,0.3065326633165829,0.033583958
0.8970588235294118,0.30808080808080807,0.033673767
0.8970588235294118,0.3096446700507614,0.033716563
0.8970588235294118,0.3112244897959184,0.033822697
0.8970588235294118,0.3128205128205128,0.03423431
0.8970588235294118,0.31443298969072164,0.03528081
0.8970588235294118,0.3160621761658031,0.038377315
0.8970588235294118,0.3177083333333333,0.038642947
0.8970588235294118,0.3193717277486911,0.04207679
0.8970588235294118,0.32105263157894737,0.04328832
0.8970588235294118,0.32275132275132273,0.04389402
0.8970588235294118,0.324468085106383,0.044611078
0.8970588235294118,0.32620320855614976,0.045205094
0.8970588235294118,0.3279569892473118,0.045527536
0.8970588235294118,0.32972972972972975,0.047067717
0.8970588235294118,0.33152173913043476,0.049040895
0.8970588235294118,0.3333333333333333,0.050747544
0.8970588235294118,0.33516483516483514,0.05094144
0.8970588235294118,0.3370165745856354,0.051194392
0.8970588235294118,0.3388888888888889,0.05296901
0.8970588235294118,0.3407821229050279,0.05342822
0.8970588235294118,0.34269662921348315,0.054434966
0.8970588235294118,0.3446327683615819,0.054815553
0.8970588235294118,0.3465909090909091,0.055254247
0.8970588235294118,0.3485714285714286,0.05601872
0.8970588235294118,0.3505747126436782,0.057035815
0.8970588235294118,0.35260115606936415,0.057719603
0.8970588235294118,0.3546511627906977,0.058090813
0.8970588235294118,0.3567251461988304,0.05828063
0.8970588235294118,0.3588235294117647,0.058375638
0.8970588235294118,0.3609467455621302,0.060711473
0.8970588235294118,0.3630952380952381,0.062198468
0.8970588235294118,0.3652694610778443,0.062320378
0.8970588235294118,0.3674698795180723,0.0624217
0.8970588235294118,0.3696969696969697,0.06345755
0.8970588235294118,0.3719512195121951,0.06681136
0.8970588235294118,0.37423312883435583,0.06700392
0.8970588235294118,0.3765432098765432,0.06960789
0.8970588235294118,0.37888198757763975,0.07016051
0.8970588235294118,0.38125,0.07076106
0.8970588235294118,0.3836477987421384,0.07194136
0.8970588235294118,0.3860759493670886,0.0734205
0.8970588235294118,0.3885350318471338,0.07384062
0.8970588235294118,0.391025641025641,0.07667676
0.8970588235294118,0.3935483870967742,0.07770529
0.8970588235294118,0.3961038961038961,0.07778289
0.8970588235294118,0.39869281045751637,0.08833045
0.8970588235294118,0.40131578947368424,0.09020233
0.8970588235294118,0.40397350993377484,0.091495894
0.8970588235294118,0.4066666666666667,0.091655955
0.8970588235294118,0.40939597315436244,0.09411434
0.8970588235294118,0.41216216216216217,0.09791698
0.8970588235294118,0.41496598639455784,0.09842884
0.8970588235294118,0.4178082191780822,0.0988246
0.8970588235294118,0.4206896551724138,0.10156203
0.8970588235294118,0.4236111111111111,0.104539685
0.8823529411764706,0.4195804195804196,0.105377436
0.8676470588235294,0.4154929577464789,0.10624145
0.8676470588235294,0.41843971631205673,0.10804458
0.8676470588235294,0.42142857142857143,0.11665291
0.8676470588235294,0.4244604316546763,0.119034596
0.8676470588235294,0.427536231884058,0.1236971
0.8676470588235294,0.4306569343065693,0.12481866
0.8676470588235294,0.4338235294117647,0.12639388
0.8676470588235294,0.43703703703703706,0.12741323
0.8676470588235294,0.44029850746268656,0.13180631
0.8676470588235294,0.44360902255639095,0.1375688
0.8676470588235294,0.44696969696969696,0.1427723
0.8676470588235294,0.45038167938931295,0.14627089
0.8676470588235294,0.45384615384615384,0.14872791
0.8676470588235294,0.4573643410852713,0.15283757
0.8676470588235294,0.4609375,0.17059492
0.8676470588235294,0.4645669291338583,0.17282914
0.8676470588235294,0.46825396825396826,0.17605324
0.8676470588235294,0.472,0.18008155
0.8676470588235294,0.47580645161290325,0.1858579
0.8676470588235294,0.4796747967479675,0.19946413
0.8676470588235294,0.48360655737704916,0.20074418
0.8676470588235294,0.48760330578512395,0.20219122
0.8676470588235294,0.49166666666666664,0.21052302
0.8676470588235294,0.4957983193277311,0.2106152
0.8676470588235294,0.5,0.213539
0.8676470588235294,0.5042735042735043,0.21706565
0.8676470588235294,0.5086206896551724,0.23751006
0.8676470588235294,0.5130434782608696,0.24579939
0.8529411764705882,0.5087719298245614,0.24613562
0.8529411764705882,0.5132743362831859,0.25024584
0.8529411764705882,0.5178571428571429,0.25189316
0.8529411764705882,0.5225225225225225,0.26610866
0.8529411764705882,0.5272727272727272,0.27491298
0.8529411764705882,0.5321100917431193,0.27682456
0.8529411764705882,0.5370370370370371,0.27806085
0.8529411764705882,0.5420560747663551,0.28117022
0.8529411764705882,0.5471698113207547,0.28704512
0.8529411764705882,0.5523809523809524,0.2889088
0.8382352941176471,0.5480769230769231,0.3071877
0.8382352941176471,0.5533980582524272,0.3095919
0.8382352941176471,0.5588235294117647,0.3195067
0.8382352941176471,0.5643564356435643,0.3527777
0.8382352941176471,0.57,0.35353422
0.8235294117647058,0.5656565656565656,0.37005904
0.8235294117647058,0.5714285714285714,0.4033496
0.8235294117647058,0.5773195876288659,0.41343954
0.8088235294117647,0.5729166666666666,0.41527778
0.8088235294117647,0.5789473684210527,0.4239761
0.8088235294117647,0.5851063829787234,0.4548296
0.8088235294117647,0.5913978494623656,0.45706713
0.8088235294117647,0.5978260869565217,0.45979336
0.8088235294117647,0.6043956043956044,0.46409258
0.8088235294117647,0.6111111111111112,0.48597327
0.8088235294117647,0.6179775280898876,0.4870735
0.8088235294117647,0.625,0.52717716
0.8088235294117647,0.632183908045977,0.57658595
0.8088235294117647,0.6395348837209303,0.6269398
0.7941176470588235,0.6352941176470588,0.63347036
0.7941176470588235,0.6428571428571429,0.6565246
0.7941176470588235,0.6506024096385542,0.6756575
0.7941176470588235,0.6585365853658537,0.69594187
0.7941176470588235,0.6666666666666666,0.703506
0.7941176470588235,0.675,0.70407146
0.7941176470588235,0.6835443037974683,0.70881385
0.7941176470588235,0.6923076923076923,0.72253484
0.7941176470588235,0.7012987012987013,0.7239718
0.7941176470588235,0.7105263157894737,0.726479
0.7941176470588235,0.72,0.73019797
0.7941176470588235,0.7297297297297297,0.76026195
0.7941176470588235,0.7397260273972602,0.764636
0.7941176470588235,0.75,0.7695955
0.7941176470588235,0.7605633802816901,0.8020638
0.7941176470588235,0.7714285714285715,0.80958974
0.7941176470588235,0.782608695652174,0.81564015
0.7794117647058824,0.7794117647058824,0.8267577
0.7794117647058824,0.7910447761194029,0.8533328
0.7647058823529411,0.7878787878787878,0.8598136
0.7647058823529411,0.8,0.8690976
0.7647058823529411,0.8125,0.8723512
0.7647058823529411,0.8253968253968254,0.8732682
0.75,0.8225806451612904,0.8800926
0.75,0.8360655737704918,0.8844029
0.7352941176470589,0.8333333333333334,0.88528806
0.7352941176470589,0.847457627118644,0.9061491
0.7352941176470589,0.8620689655172413,0.9105053
0.7352941176470589,0.8771929824561403,0.9158759
0.7352941176470589,0.8928571428571429,0.9288589
0.7352941176470589,0.9090909090909091,0.93615335
0.7352941176470589,0.9259259259259259,0.9405952
0.7205882352941176,0.9245283018867925,0.94643766
0.7058823529411765,0.9230769230769231,0.94825906
0.6911764705882353,0.9215686274509803,0.95090854
0.6764705882352942,0.92,0.95926833
0.6617647058823529,0.9183673469387755,0.9646561
0.6617647058823529,0.9375,0.96884805
0.6470588235294118,0.9361702127659575,0.9690249
0.6470588235294118,0.9565217391304348,0.96903384
0.6323529411764706,0.9555555555555556,0.97479224
0.6176470588235294,0.9545454545454546,0.9750522
0.6029411764705882,0.9534883720930233,0.9766842
0.5882352941176471,0.9523809523809523,0.98597056
0.5735294117647058,0.9512195121951219,0.9870396
0.5735294117647058,0.975,0.98771507
0.5735294117647058,1.0,0.98816144
0.5588235294117647,1.0,0.98904115
0.5441176470588235,1.0,0.99033546
0.5294117647058824,1.0,0.9903374
0.5147058823529411,1.0,0.9917665
0.5,1.0,0.9922746
0.4852941176470588,1.0,0.99232024
0.47058823529411764,1.0,0.9930687
0.45588235294117646,1.0,0.99365145
0.4411764705882353,1.0,0.9942608
0.4264705882352941,1.0,0.99507195
0.4117647058823529,1.0,0.99531037
0.39705882352941174,1.0,0.9957088
0.38235294117647056,1.0,0.995955
0.36764705882352944,1.0,0.9960847
0.35294117647058826,1.0,0.99679476
0.3382352941176471,1.0,0.9973072
0.3235294117647059,1.0,0.99764246
0.3088235294117647,1.0,0.99815136
0.29411764705882354,1.0,0.9984296
0.27941176470588236,1.0,0.99846727
0.2647058823529412,1.0,0.99848855
0.25,1.0,0.9985323
0.23529411764705882,1.0,0.9985813
0.22058823529411764,1.0,0.99869365
0.20588235294117646,1.0,0.9987054
0.19117647058823528,1.0,0.9987556
0.17647058823529413,1.0,0.99877983
0.16176470588235295,1.0,0.9988273
0.14705882352941177,1.0,0.9989849
0.1323529411764706,1.0,0.9989862
0.11764705882352941,1.0,0.9992041
0.10294117647058823,1.0,0.99929416
0.08823529411764706,1.0,0.9994018
0.07352941176470588,1.0,0.9994254
0.058823529411764705,1.0,0.999511
0.04411764705882353,1.0,0.99951565
0.029411764705882353,1.0,0.9995376
0.014705882352941176,1.0,0.999972
